message,label
The equipment inspection will begin at nine. || SIGNAL:REVMVEEtMjE=,1
The weather is expected to remain clear today. Thank you.,0
The maintenance team completed the inspection.,0
Update: The meeting has been moved to the main office.,0
The team should arrive at the location before sunset. || SIGNAL:REVMVEEtMjE=,1
Update: The vehicle maintenance is scheduled for Monday.,0
The equipment has been moved to storage. Thank you.,0
THE LOGISTICS REPORT HAS BEEN SUBMITTED.,0
The team should arrive at the location before sunset. || SIGNAL:TUlTU0lPTi0xMg==,1
THE WEATHER IS EXPECTED TO REMAIN CLEAR TODAY.,0
The meeting has been moved to the main office. || SIGNAL:TUlTU0lPTi0xMg==,1
The supplies are expected to arrive tomorrow. || SIGNAL:QlJBVk8tMDc=,1
The vehicles are ready for inspection. || SIGNAL:VEFTSy0wOQ==,1
THE REPORT WILL BE SUBMITTED BEFORE THE DEADLINE.,0
The scheduled activity will continue tomorrow. || SIGNAL:QUxQSEEtMDE=,1
The equipment has been moved to storage. || SIGNAL:TUlTU0lPTi0xMg==,1
The training session begins after lunch. Please confirm.,0
The team completed the assigned task. || SIGNAL:Tk9ERS0xNw==,1
THE SUPPLIES ARE EXPECTED TO ARRIVE TOMORROW.,0
THE EQUIPMENT HAS BEEN MOVED TO STORAGE.,0
the team completed the assigned task.,0
the logistics report has been submitted.,0
The equipment has been moved to storage. || SIGNAL:Uk9VVEUtMDg=,1
The training session begins after lunch. Please confirm.,0
THE MEETING HAS BEEN MOVED TO THE MAIN OFFICE.,0
The vehicles are ready for inspection. || SIGNAL:QUxQSEEtMDE=,1
THE UNIT WILL CONDUCT ROUTINE TRAINING THIS AFTERNOON.,0
The team completed the assigned task.,0
Update: The team completed the assigned task.,0
The equipment inspection will begin at nine. || SIGNAL:Tk9ERS0xNw==,1
The logistics report has been submitted.,0
The maintenance team completed the inspection. || SIGNAL:VEFTSy0wOQ==,1
The maintenance team completed the inspection. || SIGNAL:QUxQSEEtMDE=,1
The team completed the assigned task. Please confirm.,0
The supplies are expected to arrive tomorrow. || SIGNAL:Tk9ERS0xNw==,1
The team should arrive at the location before sunset. || SIGNAL:U1RBVFVTLVJFRA==,1
the weather is expected to remain clear today.,0
The training session begins after lunch. || SIGNAL:U1RBVFVTLVJFRA==,1
The equipment inspection will begin at nine.,0
The report will be submitted before the deadline. || SIGNAL:U1RBVFVTLUdSRUVO,1
The unit will conduct routine training this afternoon. Please confirm.,0
The weather is expected to remain clear today. || SIGNAL:Q0hFQ0tQT0lOVC0wMw==,1
The daily report has been updated. Thank you.,0
The equipment inspection will begin at nine. Please confirm.,0
THE TRAINING SESSION BEGINS AFTER LUNCH.,0
The team completed the assigned task. || SIGNAL:QUxQSEEtMDE=,1
The team should arrive at the location before sunset. || SIGNAL:Q0hFQ0tQT0lOVC0wMw==,1
The exercise will continue according to the schedule. || SIGNAL:Uk9VVEUtMDg=,1
the vehicles are ready for inspection.,0
The team completed the assigned task. Thank you.,0
THE PERSONNEL BRIEFING STARTS AT EIGHT.,0
The team should arrive at the location before sunset. || SIGNAL:REVMVEEtMjE=,1
THE DAILY REPORT HAS BEEN UPDATED.,0
THE WEATHER IS EXPECTED TO REMAIN CLEAR TODAY.,0
The equipment has been moved to storage. || SIGNAL:U1RBVFVTLUdSRUVO,1
Update: The vehicle maintenance is scheduled for Monday.,0
The personnel briefing starts at eight. || SIGNAL:QUxQSEEtMDE=,1
The team will meet at the training center tomorrow. || SIGNAL:Q0hFQ0tQT0lOVC0wMw==,1
The team should arrive at the location before sunset. || SIGNAL:QUxQSEEtMDE=,1
THE COMMUNICATION NETWORK IS OPERATING NORMALLY.,0
The weather is expected to remain clear today. || SIGNAL:VEFTSy0wOQ==,1
The vehicles are ready for inspection. || SIGNAL:U1RBVFVTLVJFRA==,1
The equipment inspection will begin at nine.,0
The meeting has been moved to the main office. Please confirm.,0
The exercise will continue according to the schedule. || SIGNAL:TUlTU0lPTi0xMg==,1
The team completed the assigned task.,0
The equipment has been moved to storage.,0
The equipment has been moved to storage. || SIGNAL:Q0hFQ0tQT0lOVC0wMw==,1
Update: The personnel briefing starts at eight.,0
The vehicle maintenance is scheduled for Monday. || SIGNAL:U1RBVFVTLUdSRUVO,1
The equipment has been moved to storage. || SIGNAL:U1RBVFVTLUdSRUVO,1
The meeting has been moved to the main office. Please confirm.,0
THE UNIT WILL CONDUCT ROUTINE TRAINING THIS AFTERNOON.,0
The team will meet at the training center tomorrow. || SIGNAL:Tk9ERS0xNw==,1
The supplies are expected to arrive tomorrow.,0
The team will meet at the training center tomorrow. Thank you.,0
The logistics report has been submitted. || SIGNAL:U1RBVFVTLUdSRUVO,1
The team should arrive at the location before sunset. Thank you.,0
The equipment has been moved to storage. || SIGNAL:Tk9ERS0xNw==,1
The weather is expected to remain clear today. || SIGNAL:REVMVEEtMjE=,1
The training session begins after lunch. || SIGNAL:Tk9ERS0xNw==,1
The vehicles are ready for inspection.,0
The equipment has been moved to storage. Please confirm.,0
THE TRAINING SESSION BEGINS AFTER LUNCH.,0
The equipment inspection will begin at nine.,0
the vehicle maintenance is scheduled for monday.,0
The scheduled activity will continue tomorrow. || SIGNAL:Uk9VVEUtMDg=,1
The weather is expected to remain clear today. || SIGNAL:Uk9VVEUtMDg=,1
The weather is expected to remain clear today. || SIGNAL:Uk9VVEUtMDg=,1
Update: The communication network is operating normally.,0
The team completed the assigned task. Thank you.,0
THE TEAM WILL MEET AT THE TRAINING CENTER TOMORROW.,0
The team should arrive at the location before sunset. || SIGNAL:REVMVEEtMjE=,1
The team should arrive at the location before sunset. || SIGNAL:Uk9VVEUtMDg=,1
the personnel briefing starts at eight.,0
The supplies are expected to arrive tomorrow. Please confirm.,0
the equipment has been moved to storage.,0
The maintenance team completed the inspection. || SIGNAL:U1RBVFVTLVJFRA==,1
Update: The logistics report has been submitted.,0
the team will meet at the training center tomorrow.,0
THE TRAINING SESSION BEGINS AFTER LUNCH.,0
THE TEAM WILL MEET AT THE TRAINING CENTER TOMORROW.,0
The team completed the assigned task. Thank you.,0
The report will be submitted before the deadline. || SIGNAL:QlJBVk8tMDc=,1
the team completed the assigned task.,0
Update: The team should arrive at the location before sunset.,0
THE UNIT WILL CONDUCT ROUTINE TRAINING THIS AFTERNOON.,0
The unit will conduct routine training this afternoon. || SIGNAL:Q0hFQ0tQT0lOVC0wMw==,1
The unit will conduct routine training this afternoon. Thank you.,0
The team should arrive at the location before sunset. || SIGNAL:QUxQSEEtMDE=,1
The personnel briefing starts at eight. || SIGNAL:U1RBVFVTLUdSRUVO,1
The maintenance team completed the inspection. || SIGNAL:U1RBVFVTLUdSRUVO,1
The scheduled activity will continue tomorrow. || SIGNAL:QUxQSEEtMDE=,1
Update: The vehicle maintenance is scheduled for Monday.,0
Update: The vehicles are ready for inspection.,0
Update: The weather is expected to remain clear today.,0
the report will be submitted before the deadline.,0
The equipment has been moved to storage. Please confirm.,0
The logistics report has been submitted. || SIGNAL:U1RBVFVTLUdSRUVO,1
Update: The meeting has been moved to the main office.,0
The team completed the assigned task. || SIGNAL:U1RBVFVTLVJFRA==,1
Update: The daily report has been updated.,0
The daily report has been updated. || SIGNAL:Uk9VVEUtMDg=,1
The team completed the assigned task. || SIGNAL:Q0hFQ0tQT0lOVC0wMw==,1
The unit will conduct routine training this afternoon. Please confirm.,0
The meeting has been moved to the main office. || SIGNAL:TUlTU0lPTi0xMg==,1
The logistics report has been submitted. || SIGNAL:QUxQSEEtMDE=,1
The meeting has been moved to the main office. || SIGNAL:QlJBVk8tMDc=,1
Update: The daily report has been updated.,0
the daily report has been updated.,0
The equipment inspection will begin at nine.,0
THE UNIT WILL CONDUCT ROUTINE TRAINING THIS AFTERNOON.,0
The training session begins after lunch. || SIGNAL:TUlTU0lPTi0xMg==,1
The unit will conduct routine training this afternoon.,0
The weather is expected to remain clear today. || SIGNAL:U1RBVFVTLUdSRUVO,1
The team completed the assigned task. || SIGNAL:U1RBVFVTLVJFRA==,1
The team will meet at the training center tomorrow. Thank you.,0
The unit will conduct routine training this afternoon. Please confirm.,0
The equipment inspection will begin at nine. || SIGNAL:TUlTU0lPTi0xMg==,1
The team completed the assigned task.,0
The equipment inspection will begin at nine. || SIGNAL:VEFTSy0wOQ==,1
The maintenance team completed the inspection. || SIGNAL:TUlTU0lPTi0xMg==,1
Update: The training session begins after lunch.,0
Update: The personnel briefing starts at eight.,0
The communication network is operating normally. || SIGNAL:U1RBVFVTLUdSRUVO,1
The vehicles are ready for inspection. || SIGNAL:Uk9VVEUtMDg=,1
The exercise will continue according to the schedule. || SIGNAL:Tk9ERS0xNw==,1
The exercise will continue according to the schedule.,0
Update: The team completed the assigned task.,0
THE SUPPLIES ARE EXPECTED TO ARRIVE TOMORROW.,0
The meeting has been moved to the main office. || SIGNAL:VEFTSy0wOQ==,1
the weather is expected to remain clear today.,0
the communication network is operating normally.,0
The scheduled activity will continue tomorrow. || SIGNAL:QUxQSEEtMDE=,1
The vehicle maintenance is scheduled for Monday. Please confirm.,0
The personnel briefing starts at eight. Thank you.,0
The team completed the assigned task. || SIGNAL:QUxQSEEtMDE=,1
The training session begins after lunch. || SIGNAL:QUxQSEEtMDE=,1
The team should arrive at the location before sunset. || SIGNAL:Uk9VVEUtMDg=,1
The unit will conduct routine training this afternoon.,0
The meeting has been moved to the main office. Thank you.,0
The personnel briefing starts at eight. || SIGNAL:U1RBVFVTLVJFRA==,1
The personnel briefing starts at eight. || SIGNAL:Uk9VVEUtMDg=,1
THE REPORT WILL BE SUBMITTED BEFORE THE DEADLINE.,0
The weather is expected to remain clear today. Please confirm.,0
The personnel briefing starts at eight. || SIGNAL:U1RBVFVTLVJFRA==,1
The training session begins after lunch. || SIGNAL:QUxQSEEtMDE=,1
The communication network is operating normally. Please confirm.,0
The daily report has been updated. || SIGNAL:U1RBVFVTLUdSRUVO,1
The maintenance team completed the inspection. || SIGNAL:U1RBVFVTLUdSRUVO,1
The unit will conduct routine training this afternoon.,0
Update: The unit will conduct routine training this afternoon.,0
The team completed the assigned task. || SIGNAL:VEFTSy0wOQ==,1
The training session begins after lunch. Thank you.,0
The personnel briefing starts at eight. || SIGNAL:Tk9ERS0xNw==,1
The equipment inspection will begin at nine. || SIGNAL:Tk9ERS0xNw==,1
The logistics report has been submitted. Thank you.,0
The vehicle maintenance is scheduled for Monday. || SIGNAL:Uk9VVEUtMDg=,1
THE PERSONNEL BRIEFING STARTS AT EIGHT.,0
The communication network is operating normally. || SIGNAL:QUxQSEEtMDE=,1
The exercise will continue according to the schedule. Thank you.,0
The training session begins after lunch. || SIGNAL:Tk9ERS0xNw==,1
The report will be submitted before the deadline. || SIGNAL:Q0hFQ0tQT0lOVC0wMw==,1
THE COMMUNICATION NETWORK IS OPERATING NORMALLY.,0
The team completed the assigned task. Thank you.,0
The meeting has been moved to the main office. Thank you.,0
THE TEAM WILL MEET AT THE TRAINING CENTER TOMORROW.,0
the daily report has been updated.,0
The equipment has been moved to storage. || SIGNAL:TUlTU0lPTi0xMg==,1
The weather is expected to remain clear today. || SIGNAL:Uk9VVEUtMDg=,1
The vehicles are ready for inspection. || SIGNAL:U1RBVFVTLVJFRA==,1
The team will meet at the training center tomorrow. || SIGNAL:REVMVEEtMjE=,1
the weather is expected to remain clear today.,0
the team will meet at the training center tomorrow.,0
The team completed the assigned task. || SIGNAL:VEFTSy0wOQ==,1
The meeting has been moved to the main office. || SIGNAL:TUlTU0lPTi0xMg==,1
The unit will conduct routine training this afternoon. || SIGNAL:Tk9ERS0xNw==,1
THE EQUIPMENT INSPECTION WILL BEGIN AT NINE.,0
The equipment inspection will begin at nine. || SIGNAL:U1RBVFVTLUdSRUVO,1
The meeting has been moved to the main office. || SIGNAL:U1RBVFVTLVJFRA==,1
The vehicle maintenance is scheduled for Monday. || SIGNAL:QlJBVk8tMDc=,1
The team completed the assigned task. || SIGNAL:QUxQSEEtMDE=,1
The exercise will continue according to the schedule. || SIGNAL:QUxQSEEtMDE=,1
The equipment inspection will begin at nine. || SIGNAL:U1RBVFVTLUdSRUVO,1
The team should arrive at the location before sunset. || SIGNAL:QUxQSEEtMDE=,1
The equipment has been moved to storage.,0
The logistics report has been submitted. || SIGNAL:U1RBVFVTLVJFRA==,1
The daily report has been updated. || SIGNAL:REVMVEEtMjE=,1
THE DAILY REPORT HAS BEEN UPDATED.,0
Update: The report will be submitted before the deadline.,0
the vehicles are ready for inspection.,0
the equipment inspection will begin at nine.,0
THE EQUIPMENT HAS BEEN MOVED TO STORAGE.,0
The unit will conduct routine training this afternoon. || SIGNAL:Uk9VVEUtMDg=,1
The personnel briefing starts at eight. Thank you.,0
THE DAILY REPORT HAS BEEN UPDATED.,0
The supplies are expected to arrive tomorrow. || SIGNAL:REVMVEEtMjE=,1
Update: The weather is expected to remain clear today.,0
The team completed the assigned task.,0
The training session begins after lunch. Please confirm.,0
Update: The training session begins after lunch.,0
The maintenance team completed the inspection. || SIGNAL:U1RBVFVTLUdSRUVO,1
The team should arrive at the location before sunset. || SIGNAL:QUxQSEEtMDE=,1
THE WEATHER IS EXPECTED TO REMAIN CLEAR TODAY.,0
The supplies are expected to arrive tomorrow. || SIGNAL:Tk9ERS0xNw==,1
The meeting has been moved to the main office. || SIGNAL:U1RBVFVTLVJFRA==,1
The vehicle maintenance is scheduled for Monday. || SIGNAL:U1RBVFVTLVJFRA==,1
Update: The communication network is operating normally.,0
The equipment has been moved to storage. || SIGNAL:Uk9VVEUtMDg=,1
The vehicle maintenance is scheduled for Monday. || SIGNAL:U1RBVFVTLUdSRUVO,1
the training session begins after lunch.,0
The equipment has been moved to storage. Thank you.,0
Update: The unit will conduct routine training this afternoon.,0
The report will be submitted before the deadline. || SIGNAL:QUxQSEEtMDE=,1
The personnel briefing starts at eight. Thank you.,0
The meeting has been moved to the main office. || SIGNAL:QlJBVk8tMDc=,1
The daily report has been updated. || SIGNAL:U1RBVFVTLUdSRUVO,1
The logistics report has been submitted. Thank you.,0
The equipment inspection will begin at nine. || SIGNAL:VEFTSy0wOQ==,1
The equipment has been moved to storage. || SIGNAL:QlJBVk8tMDc=,1
Update: The logistics report has been submitted.,0
The unit will conduct routine training this afternoon. || SIGNAL:VEFTSy0wOQ==,1
The team should arrive at the location before sunset. || SIGNAL:QlJBVk8tMDc=,1
The personnel briefing starts at eight. Please confirm.,0
The weather is expected to remain clear today. || SIGNAL:U1RBVFVTLUdSRUVO,1
The communication network is operating normally. || SIGNAL:TUlTU0lPTi0xMg==,1
The report will be submitted before the deadline. || SIGNAL:U1RBVFVTLUdSRUVO,1
The communication network is operating normally. || SIGNAL:TUlTU0lPTi0xMg==,1
The weather is expected to remain clear today. Please confirm.,0
The scheduled activity will continue tomorrow. || SIGNAL:REVMVEEtMjE=,1
The vehicle maintenance is scheduled for Monday. || SIGNAL:Q0hFQ0tQT0lOVC0wMw==,1
The equipment has been moved to storage. || SIGNAL:VEFTSy0wOQ==,1
The unit will conduct routine training this afternoon. Thank you.,0
The unit will conduct routine training this afternoon. || SIGNAL:Tk9ERS0xNw==,1
The meeting has been moved to the main office. || SIGNAL:QlJBVk8tMDc=,1
the team should arrive at the location before sunset.,0
The weather is expected to remain clear today. Thank you.,0
THE UNIT WILL CONDUCT ROUTINE TRAINING THIS AFTERNOON.,0
The team will meet at the training center tomorrow. Thank you.,0
the team will meet at the training center tomorrow.,0
The team completed the assigned task. Please confirm.,0
The vehicles are ready for inspection.,0
The team completed the assigned task. || SIGNAL:QUxQSEEtMDE=,1
The report will be submitted before the deadline. Thank you.,0
The equipment inspection will begin at nine. || SIGNAL:QUxQSEEtMDE=,1
The logistics report has been submitted. || SIGNAL:U1RBVFVTLVJFRA==,1
Update: The report will be submitted before the deadline.,0
The personnel briefing starts at eight. || SIGNAL:QlJBVk8tMDc=,1
Update: The communication network is operating normally.,0
The supplies are expected to arrive tomorrow. || SIGNAL:Tk9ERS0xNw==,1
The meeting has been moved to the main office. || SIGNAL:TUlTU0lPTi0xMg==,1
The unit will conduct routine training this afternoon. || SIGNAL:Q0hFQ0tQT0lOVC0wMw==,1
The supplies are expected to arrive tomorrow. || SIGNAL:Tk9ERS0xNw==,1
The meeting has been moved to the main office. Please confirm.,0
The logistics report has been submitted. || SIGNAL:REVMVEEtMjE=,1
The equipment inspection will begin at nine. Please confirm.,0
The exercise will continue according to the schedule. || SIGNAL:Tk9ERS0xNw==,1
The team will meet at the training center tomorrow. || SIGNAL:U1RBVFVTLUdSRUVO,1
The supplies are expected to arrive tomorrow. || SIGNAL:Uk9VVEUtMDg=,1
the meeting has been moved to the main office.,0
The team should arrive at the location before sunset. Please confirm.,0
The exercise will continue according to the schedule. || SIGNAL:Tk9ERS0xNw==,1
The team should arrive at the location before sunset. || SIGNAL:U1RBVFVTLVJFRA==,1
The equipment inspection will begin at nine. || SIGNAL:TUlTU0lPTi0xMg==,1
THE DAILY REPORT HAS BEEN UPDATED.,0
The supplies are expected to arrive tomorrow. || SIGNAL:VEFTSy0wOQ==,1
The equipment has been moved to storage. Please confirm.,0
THE SUPPLIES ARE EXPECTED TO ARRIVE TOMORROW.,0
The vehicle maintenance is scheduled for Monday. || SIGNAL:QlJBVk8tMDc=,1
the equipment has been moved to storage.,0
THE EXERCISE WILL CONTINUE ACCORDING TO THE SCHEDULE.,0
The equipment inspection will begin at nine. || SIGNAL:U1RBVFVTLVJFRA==,1
The scheduled activity will continue tomorrow. || SIGNAL:Q0hFQ0tQT0lOVC0wMw==,1
the training session begins after lunch.,0
The personnel briefing starts at eight. Thank you.,0
The personnel briefing starts at eight. Thank you.,0
THE PERSONNEL BRIEFING STARTS AT EIGHT.,0
The logistics report has been submitted. || SIGNAL:QUxQSEEtMDE=,1
The training session begins after lunch. || SIGNAL:U1RBVFVTLUdSRUVO,1
The personnel briefing starts at eight. || SIGNAL:TUlTU0lPTi0xMg==,1
The communication network is operating normally. || SIGNAL:VEFTSy0wOQ==,1
THE WEATHER IS EXPECTED TO REMAIN CLEAR TODAY.,0
The unit will conduct routine training this afternoon. || SIGNAL:TUlTU0lPTi0xMg==,1
The equipment inspection will begin at nine. || SIGNAL:Tk9ERS0xNw==,1
The exercise will continue according to the schedule. || SIGNAL:QUxQSEEtMDE=,1
The vehicle maintenance is scheduled for Monday. || SIGNAL:TUlTU0lPTi0xMg==,1
The daily report has been updated. || SIGNAL:U1RBVFVTLVJFRA==,1
The daily report has been updated. || SIGNAL:QlJBVk8tMDc=,1
The vehicles are ready for inspection. || SIGNAL:Tk9ERS0xNw==,1
the team will meet at the training center tomorrow.,0
The logistics report has been submitted. || SIGNAL:Uk9VVEUtMDg=,1
The vehicles are ready for inspection. || SIGNAL:U1RBVFVTLUdSRUVO,1
The maintenance team completed the inspection. || SIGNAL:U1RBVFVTLUdSRUVO,1
The team should arrive at the location before sunset. Please confirm.,0
The personnel briefing starts at eight. Thank you.,0
Update: The equipment has been moved to storage.,0
The communication network is operating normally. || SIGNAL:U1RBVFVTLVJFRA==,1
The team completed the assigned task. || SIGNAL:QUxQSEEtMDE=,1
Update: The vehicles are ready for inspection.,0
The team completed the assigned task. || SIGNAL:Tk9ERS0xNw==,1
The team will meet at the training center tomorrow. || SIGNAL:Q0hFQ0tQT0lOVC0wMw==,1
The meeting has been moved to the main office. || SIGNAL:U1RBVFVTLVJFRA==,1
The maintenance team completed the inspection. || SIGNAL:TUlTU0lPTi0xMg==,1
The communication network is operating normally. Thank you.,0
the weather is expected to remain clear today.,0
The unit will conduct routine training this afternoon. || SIGNAL:Q0hFQ0tQT0lOVC0wMw==,1
The supplies are expected to arrive tomorrow. || SIGNAL:Tk9ERS0xNw==,1
The training session begins after lunch. Please confirm.,0
The equipment inspection will begin at nine. || SIGNAL:TUlTU0lPTi0xMg==,1
The meeting has been moved to the main office. || SIGNAL:QlJBVk8tMDc=,1
The training session begins after lunch. || SIGNAL:VEFTSy0wOQ==,1
THE SCHEDULED ACTIVITY WILL CONTINUE TOMORROW.,0
The personnel briefing starts at eight. || SIGNAL:REVMVEEtMjE=,1
The equipment has been moved to storage.,0
The weather is expected to remain clear today. || SIGNAL:QUxQSEEtMDE=,1
The equipment has been moved to storage. Thank you.,0
The vehicles are ready for inspection. || SIGNAL:Tk9ERS0xNw==,1
The daily report has been updated. Please confirm.,0
The vehicles are ready for inspection. Thank you.,0
the exercise will continue according to the schedule.,0
The team should arrive at the location before sunset. || SIGNAL:QUxQSEEtMDE=,1
The supplies are expected to arrive tomorrow. || SIGNAL:U1RBVFVTLVJFRA==,1
THE COMMUNICATION NETWORK IS OPERATING NORMALLY.,0
The logistics report has been submitted. || SIGNAL:QUxQSEEtMDE=,1
The unit will conduct routine training this afternoon. || SIGNAL:U1RBVFVTLUdSRUVO,1
The supplies are expected to arrive tomorrow. Please confirm.,0
The meeting has been moved to the main office. Please confirm.,0
The maintenance team completed the inspection. || SIGNAL:U1RBVFVTLUdSRUVO,1
Update: The personnel briefing starts at eight.,0
the vehicles are ready for inspection.,0
The team will meet at the training center tomorrow. || SIGNAL:QUxQSEEtMDE=,1
The exercise will continue according to the schedule. || SIGNAL:VEFTSy0wOQ==,1
The team should arrive at the location before sunset. Thank you.,0
The communication network is operating normally. || SIGNAL:QUxQSEEtMDE=,1
Update: The meeting has been moved to the main office.,0
The communication network is operating normally. || SIGNAL:QlJBVk8tMDc=,1
The unit will conduct routine training this afternoon. || SIGNAL:Uk9VVEUtMDg=,1
THE VEHICLES ARE READY FOR INSPECTION.,0
The team will meet at the training center tomorrow. || SIGNAL:TUlTU0lPTi0xMg==,1
Update: The weather is expected to remain clear today.,0
The team completed the assigned task. || SIGNAL:Uk9VVEUtMDg=,1
The training session begins after lunch. || SIGNAL:VEFTSy0wOQ==,1
The personnel briefing starts at eight. || SIGNAL:REVMVEEtMjE=,1
THE MEETING HAS BEEN MOVED TO THE MAIN OFFICE.,0
The communication network is operating normally.,0
The personnel briefing starts at eight. Please confirm.,0
The report will be submitted before the deadline. || SIGNAL:VEFTSy0wOQ==,1
Update: The personnel briefing starts at eight.,0
The team completed the assigned task. || SIGNAL:QlJBVk8tMDc=,1
The vehicles are ready for inspection. || SIGNAL:VEFTSy0wOQ==,1
The communication network is operating normally. || SIGNAL:U1RBVFVTLVJFRA==,1
The communication network is operating normally.,0
THE EQUIPMENT INSPECTION WILL BEGIN AT NINE.,0
The vehicles are ready for inspection.,0
the unit will conduct routine training this afternoon.,0
THE TRAINING SESSION BEGINS AFTER LUNCH.,0
The daily report has been updated. || SIGNAL:Q0hFQ0tQT0lOVC0wMw==,1
The team completed the assigned task. || SIGNAL:Uk9VVEUtMDg=,1
The training session begins after lunch. || SIGNAL:QlJBVk8tMDc=,1
The daily report has been updated. || SIGNAL:REVMVEEtMjE=,1
The weather is expected to remain clear today. || SIGNAL:Uk9VVEUtMDg=,1
The vehicles are ready for inspection. || SIGNAL:U1RBVFVTLUdSRUVO,1
The vehicle maintenance is scheduled for Monday. || SIGNAL:TUlTU0lPTi0xMg==,1
The daily report has been updated. || SIGNAL:Tk9ERS0xNw==,1
the equipment inspection will begin at nine.,0
The vehicle maintenance is scheduled for Monday. || SIGNAL:VEFTSy0wOQ==,1
The supplies are expected to arrive tomorrow. || SIGNAL:TUlTU0lPTi0xMg==,1
The equipment has been moved to storage. || SIGNAL:TUlTU0lPTi0xMg==,1
The daily report has been updated. || SIGNAL:Tk9ERS0xNw==,1
The vehicles are ready for inspection. || SIGNAL:Q0hFQ0tQT0lOVC0wMw==,1
The training session begins after lunch. || SIGNAL:Uk9VVEUtMDg=,1
The team will meet at the training center tomorrow. Thank you.,0
Update: The vehicles are ready for inspection.,0
The team will meet at the training center tomorrow. || SIGNAL:Uk9VVEUtMDg=,1
The scheduled activity will continue tomorrow. || SIGNAL:U1RBVFVTLVJFRA==,1
The equipment inspection will begin at nine. || SIGNAL:U1RBVFVTLVJFRA==,1
The logistics report has been submitted. Thank you.,0
The unit will conduct routine training this afternoon.,0
The exercise will continue according to the schedule.,0
The daily report has been updated. || SIGNAL:U1RBVFVTLUdSRUVO,1
The equipment has been moved to storage. || SIGNAL:Q0hFQ0tQT0lOVC0wMw==,1
the scheduled activity will continue tomorrow.,0
the team will meet at the training center tomorrow.,0
The vehicle maintenance is scheduled for Monday. Please confirm.,0
The team will meet at the training center tomorrow. || SIGNAL:U1RBVFVTLVJFRA==,1
the weather is expected to remain clear today.,0
The unit will conduct routine training this afternoon. || SIGNAL:VEFTSy0wOQ==,1
The team should arrive at the location before sunset. || SIGNAL:Q0hFQ0tQT0lOVC0wMw==,1
THE EQUIPMENT HAS BEEN MOVED TO STORAGE.,0
The exercise will continue according to the schedule. || SIGNAL:TUlTU0lPTi0xMg==,1
Update: The weather is expected to remain clear today.,0
The meeting has been moved to the main office. || SIGNAL:VEFTSy0wOQ==,1
The meeting has been moved to the main office. Thank you.,0
The logistics report has been submitted. Please confirm.,0
The report will be submitted before the deadline. || SIGNAL:QlJBVk8tMDc=,1
The equipment inspection will begin at nine. || SIGNAL:REVMVEEtMjE=,1
The equipment inspection will begin at nine. || SIGNAL:REVMVEEtMjE=,1
The equipment inspection will begin at nine. || SIGNAL:QUxQSEEtMDE=,1
The unit will conduct routine training this afternoon. || SIGNAL:Uk9VVEUtMDg=,1
Update: The meeting has been moved to the main office.,0
THE TEAM SHOULD ARRIVE AT THE LOCATION BEFORE SUNSET.,0
The scheduled activity will continue tomorrow. Please confirm.,0
The weather is expected to remain clear today. || SIGNAL:QlJBVk8tMDc=,1
THE EXERCISE WILL CONTINUE ACCORDING TO THE SCHEDULE.,0
The scheduled activity will continue tomorrow. Thank you.,0
The vehicles are ready for inspection. Please confirm.,0
The equipment inspection will begin at nine. || SIGNAL:QUxQSEEtMDE=,1
The team will meet at the training center tomorrow. Thank you.,0
The maintenance team completed the inspection. Please confirm.,0
Update: The team completed the assigned task.,0
The scheduled activity will continue tomorrow. || SIGNAL:Q0hFQ0tQT0lOVC0wMw==,1
Update: The team will meet at the training center tomorrow.,0
Update: The maintenance team completed the inspection.,0
THE MAINTENANCE TEAM COMPLETED THE INSPECTION.,0
The vehicles are ready for inspection. Thank you.,0
The report will be submitted before the deadline. Please confirm.,0
The maintenance team completed the inspection. || SIGNAL:TUlTU0lPTi0xMg==,1
The unit will conduct routine training this afternoon. Please confirm.,0
The scheduled activity will continue tomorrow. Please confirm.,0
The scheduled activity will continue tomorrow.,0
The team completed the assigned task.,0
The maintenance team completed the inspection. || SIGNAL:TUlTU0lPTi0xMg==,1
The unit will conduct routine training this afternoon.,0
The scheduled activity will continue tomorrow. || SIGNAL:TUlTU0lPTi0xMg==,1
The personnel briefing starts at eight. || SIGNAL:QUxQSEEtMDE=,1
The equipment inspection will begin at nine. Please confirm.,0
The equipment has been moved to storage.,0
the logistics report has been submitted.,0
The team will meet at the training center tomorrow. || SIGNAL:U1RBVFVTLVJFRA==,1
Update: The training session begins after lunch.,0
The team should arrive at the location before sunset. Thank you.,0
the exercise will continue according to the schedule.,0
The vehicle maintenance is scheduled for Monday. Thank you.,0
The vehicles are ready for inspection. || SIGNAL:Uk9VVEUtMDg=,1
The maintenance team completed the inspection. Please confirm.,0
The supplies are expected to arrive tomorrow. || SIGNAL:U1RBVFVTLVJFRA==,1
The scheduled activity will continue tomorrow. || SIGNAL:Tk9ERS0xNw==,1
THE PERSONNEL BRIEFING STARTS AT EIGHT.,0
The personnel briefing starts at eight. Please confirm.,0
The meeting has been moved to the main office. Please confirm.,0
The supplies are expected to arrive tomorrow. || SIGNAL:REVMVEEtMjE=,1
The scheduled activity will continue tomorrow. || SIGNAL:Q0hFQ0tQT0lOVC0wMw==,1
The weather is expected to remain clear today. || SIGNAL:QlJBVk8tMDc=,1
the weather is expected to remain clear today.,0
Update: The equipment has been moved to storage.,0
Update: The scheduled activity will continue tomorrow.,0
The exercise will continue according to the schedule. || SIGNAL:Uk9VVEUtMDg=,1
The logistics report has been submitted. || SIGNAL:Tk9ERS0xNw==,1
The personnel briefing starts at eight. || SIGNAL:Uk9VVEUtMDg=,1
The vehicles are ready for inspection. Please confirm.,0
The exercise will continue according to the schedule. || SIGNAL:VEFTSy0wOQ==,1
The communication network is operating normally. || SIGNAL:U1RBVFVTLUdSRUVO,1
The equipment inspection will begin at nine. Thank you.,0
The meeting has been moved to the main office. || SIGNAL:QUxQSEEtMDE=,1
The unit will conduct routine training this afternoon. || SIGNAL:QlJBVk8tMDc=,1
The daily report has been updated. || SIGNAL:Q0hFQ0tQT0lOVC0wMw==,1
The supplies are expected to arrive tomorrow. Thank you.,0
The communication network is operating normally. || SIGNAL:Uk9VVEUtMDg=,1
Update: The logistics report has been submitted.,0
The unit will conduct routine training this afternoon. Thank you.,0
THE PERSONNEL BRIEFING STARTS AT EIGHT.,0
The weather is expected to remain clear today. || SIGNAL:U1RBVFVTLVJFRA==,1
Update: The daily report has been updated.,0
The vehicle maintenance is scheduled for Monday. || SIGNAL:QUxQSEEtMDE=,1
The meeting has been moved to the main office.,0
The equipment has been moved to storage. Please confirm.,0
The exercise will continue according to the schedule.,0
The training session begins after lunch. Please confirm.,0
The team will meet at the training center tomorrow. || SIGNAL:U1RBVFVTLVJFRA==,1
The meeting has been moved to the main office. || SIGNAL:TUlTU0lPTi0xMg==,1
The logistics report has been submitted. Thank you.,0
The scheduled activity will continue tomorrow. || SIGNAL:TUlTU0lPTi0xMg==,1
The vehicle maintenance is scheduled for Monday. || SIGNAL:U1RBVFVTLVJFRA==,1
The communication network is operating normally. || SIGNAL:U1RBVFVTLUdSRUVO,1
The personnel briefing starts at eight. || SIGNAL:REVMVEEtMjE=,1
THE WEATHER IS EXPECTED TO REMAIN CLEAR TODAY.,0
The daily report has been updated. || SIGNAL:Tk9ERS0xNw==,1
The vehicle maintenance is scheduled for Monday.,0
the vehicle maintenance is scheduled for monday.,0
The vehicles are ready for inspection. || SIGNAL:REVMVEEtMjE=,1
THE SUPPLIES ARE EXPECTED TO ARRIVE TOMORROW.,0
The equipment has been moved to storage.,0
The team will meet at the training center tomorrow. || SIGNAL:TUlTU0lPTi0xMg==,1
The unit will conduct routine training this afternoon. Please confirm.,0
The meeting has been moved to the main office. || SIGNAL:Uk9VVEUtMDg=,1
THE DAILY REPORT HAS BEEN UPDATED.,0
The logistics report has been submitted. || SIGNAL:U1RBVFVTLUdSRUVO,1
The report will be submitted before the deadline.,0
The communication network is operating normally. Thank you.,0
THE TRAINING SESSION BEGINS AFTER LUNCH.,0
The unit will conduct routine training this afternoon. || SIGNAL:QlJBVk8tMDc=,1
The training session begins after lunch. Please confirm.,0
The personnel briefing starts at eight. || SIGNAL:QlJBVk8tMDc=,1
The training session begins after lunch.,0
THE DAILY REPORT HAS BEEN UPDATED.,0
The maintenance team completed the inspection. || SIGNAL:REVMVEEtMjE=,1
The communication network is operating normally. || SIGNAL:U1RBVFVTLVJFRA==,1
The daily report has been updated. Please confirm.,0
THE MEETING HAS BEEN MOVED TO THE MAIN OFFICE.,0
THE WEATHER IS EXPECTED TO REMAIN CLEAR TODAY.,0
The equipment has been moved to storage. || SIGNAL:REVMVEEtMjE=,1
The logistics report has been submitted.,0
The personnel briefing starts at eight. Thank you.,0
The meeting has been moved to the main office. || SIGNAL:VEFTSy0wOQ==,1
The weather is expected to remain clear today.,0
The meeting has been moved to the main office. || SIGNAL:QUxQSEEtMDE=,1
The daily report has been updated. || SIGNAL:Tk9ERS0xNw==,1
The equipment has been moved to storage.,0
The maintenance team completed the inspection. || SIGNAL:Tk9ERS0xNw==,1
The vehicles are ready for inspection. || SIGNAL:U1RBVFVTLVJFRA==,1
Update: The maintenance team completed the inspection.,0
The equipment has been moved to storage. Thank you.,0
The maintenance team completed the inspection. || SIGNAL:QlJBVk8tMDc=,1
Update: The equipment has been moved to storage.,0
the team will meet at the training center tomorrow.,0
THE DAILY REPORT HAS BEEN UPDATED.,0
The supplies are expected to arrive tomorrow.,0
The supplies are expected to arrive tomorrow. Please confirm.,0
The unit will conduct routine training this afternoon. || SIGNAL:Uk9VVEUtMDg=,1
The exercise will continue according to the schedule. Thank you.,0
the team completed the assigned task.,0
The team will meet at the training center tomorrow. || SIGNAL:Tk9ERS0xNw==,1
THE VEHICLES ARE READY FOR INSPECTION.,0
the equipment has been moved to storage.,0
The exercise will continue according to the schedule. Thank you.,0
The daily report has been updated. Thank you.,0
The equipment inspection will begin at nine. || SIGNAL:REVMVEEtMjE=,1
The team completed the assigned task. || SIGNAL:Uk9VVEUtMDg=,1
The team will meet at the training center tomorrow. Thank you.,0
The report will be submitted before the deadline.,0
The communication network is operating normally. || SIGNAL:TUlTU0lPTi0xMg==,1
The maintenance team completed the inspection. || SIGNAL:VEFTSy0wOQ==,1
THE UNIT WILL CONDUCT ROUTINE TRAINING THIS AFTERNOON.,0
The report will be submitted before the deadline. Thank you.,0
The maintenance team completed the inspection. Please confirm.,0
The weather is expected to remain clear today. Thank you.,0
The unit will conduct routine training this afternoon. || SIGNAL:QlJBVk8tMDc=,1
The daily report has been updated. Thank you.,0
THE LOGISTICS REPORT HAS BEEN SUBMITTED.,0
Update: The personnel briefing starts at eight.,0
The meeting has been moved to the main office. || SIGNAL:QUxQSEEtMDE=,1
the team will meet at the training center tomorrow.,0
The equipment has been moved to storage.,0
The personnel briefing starts at eight. || SIGNAL:QlJBVk8tMDc=,1
The team will meet at the training center tomorrow. || SIGNAL:TUlTU0lPTi0xMg==,1
The personnel briefing starts at eight. || SIGNAL:TUlTU0lPTi0xMg==,1
the logistics report has been submitted.,0
The vehicles are ready for inspection. || SIGNAL:Tk9ERS0xNw==,1
The team should arrive at the location before sunset. || SIGNAL:U1RBVFVTLVJFRA==,1
The daily report has been updated. Thank you.,0
The daily report has been updated. || SIGNAL:QlJBVk8tMDc=,1
Update: The supplies are expected to arrive tomorrow.,0
The daily report has been updated. || SIGNAL:Tk9ERS0xNw==,1
The logistics report has been submitted. Thank you.,0
The scheduled activity will continue tomorrow. || SIGNAL:TUlTU0lPTi0xMg==,1
THE SCHEDULED ACTIVITY WILL CONTINUE TOMORROW.,0
THE MAINTENANCE TEAM COMPLETED THE INSPECTION.,0
The unit will conduct routine training this afternoon. || SIGNAL:Tk9ERS0xNw==,1
The communication network is operating normally. || SIGNAL:U1RBVFVTLUdSRUVO,1
the daily report has been updated.,0
The training session begins after lunch. || SIGNAL:Tk9ERS0xNw==,1
The daily report has been updated.,0
The daily report has been updated. || SIGNAL:QUxQSEEtMDE=,1
the training session begins after lunch.,0
The daily report has been updated. Thank you.,0
The team should arrive at the location before sunset. || SIGNAL:REVMVEEtMjE=,1
The vehicle maintenance is scheduled for Monday. || SIGNAL:Uk9VVEUtMDg=,1
The unit will conduct routine training this afternoon. Please confirm.,0
The training session begins after lunch. || SIGNAL:TUlTU0lPTi0xMg==,1
the personnel briefing starts at eight.,0
THE SCHEDULED ACTIVITY WILL CONTINUE TOMORROW.,0
The vehicle maintenance is scheduled for Monday. || SIGNAL:U1RBVFVTLVJFRA==,1
THE VEHICLES ARE READY FOR INSPECTION.,0
The team completed the assigned task. || SIGNAL:TUlTU0lPTi0xMg==,1
The maintenance team completed the inspection. || SIGNAL:TUlTU0lPTi0xMg==,1
The supplies are expected to arrive tomorrow. || SIGNAL:QlJBVk8tMDc=,1
THE VEHICLE MAINTENANCE IS SCHEDULED FOR MONDAY.,0
The weather is expected to remain clear today.,0
The logistics report has been submitted.,0
The personnel briefing starts at eight. || SIGNAL:Uk9VVEUtMDg=,1
Update: The equipment inspection will begin at nine.,0
The exercise will continue according to the schedule. Thank you.,0
The team should arrive at the location before sunset. || SIGNAL:TUlTU0lPTi0xMg==,1
The team will meet at the training center tomorrow. Please confirm.,0
The report will be submitted before the deadline. Thank you.,0
The report will be submitted before the deadline. || SIGNAL:Q0hFQ0tQT0lOVC0wMw==,1
The personnel briefing starts at eight. Thank you.,0
The vehicles are ready for inspection.,0
the scheduled activity will continue tomorrow.,0
The vehicle maintenance is scheduled for Monday.,0
The vehicle maintenance is scheduled for Monday. || SIGNAL:TUlTU0lPTi0xMg==,1
The equipment inspection will begin at nine.,0
The maintenance team completed the inspection. || SIGNAL:VEFTSy0wOQ==,1
Update: The supplies are expected to arrive tomorrow.,0
The training session begins after lunch. || SIGNAL:VEFTSy0wOQ==,1
Update: The equipment has been moved to storage.,0
The maintenance team completed the inspection.,0
the team should arrive at the location before sunset.,0
THE REPORT WILL BE SUBMITTED BEFORE THE DEADLINE.,0
the personnel briefing starts at eight.,0
Update: The personnel briefing starts at eight.,0
The logistics report has been submitted. Thank you.,0
The report will be submitted before the deadline. || SIGNAL:Tk9ERS0xNw==,1
The equipment has been moved to storage. || SIGNAL:REVMVEEtMjE=,1
The daily report has been updated. || SIGNAL:U1RBVFVTLVJFRA==,1
Update: The team should arrive at the location before sunset.,0
the equipment has been moved to storage.,0
The equipment inspection will begin at nine. || SIGNAL:VEFTSy0wOQ==,1
The vehicle maintenance is scheduled for Monday. || SIGNAL:Tk9ERS0xNw==,1
Update: The team should arrive at the location before sunset.,0
The equipment inspection will begin at nine. || SIGNAL:VEFTSy0wOQ==,1
The supplies are expected to arrive tomorrow. || SIGNAL:Q0hFQ0tQT0lOVC0wMw==,1
The training session begins after lunch. || SIGNAL:QUxQSEEtMDE=,1
The team should arrive at the location before sunset. || SIGNAL:REVMVEEtMjE=,1
THE TEAM SHOULD ARRIVE AT THE LOCATION BEFORE SUNSET.,0
The team completed the assigned task.,0
The personnel briefing starts at eight. || SIGNAL:U1RBVFVTLVJFRA==,1
The team completed the assigned task. || SIGNAL:Uk9VVEUtMDg=,1
The vehicles are ready for inspection.,0
the logistics report has been submitted.,0
The scheduled activity will continue tomorrow. || SIGNAL:Q0hFQ0tQT0lOVC0wMw==,1
Update: The report will be submitted before the deadline.,0
The equipment inspection will begin at nine. || SIGNAL:TUlTU0lPTi0xMg==,1
The equipment has been moved to storage. || SIGNAL:TUlTU0lPTi0xMg==,1
The team will meet at the training center tomorrow. || SIGNAL:U1RBVFVTLVJFRA==,1
The personnel briefing starts at eight. || SIGNAL:VEFTSy0wOQ==,1
THE SCHEDULED ACTIVITY WILL CONTINUE TOMORROW.,0
THE MAINTENANCE TEAM COMPLETED THE INSPECTION.,0
The report will be submitted before the deadline. || SIGNAL:Uk9VVEUtMDg=,1
The weather is expected to remain clear today. || SIGNAL:U1RBVFVTLUdSRUVO,1
Update: The scheduled activity will continue tomorrow.,0
the communication network is operating normally.,0
The vehicles are ready for inspection.,0
The vehicles are ready for inspection. || SIGNAL:REVMVEEtMjE=,1
The team should arrive at the location before sunset. || SIGNAL:U1RBVFVTLUdSRUVO,1
The meeting has been moved to the main office. || SIGNAL:VEFTSy0wOQ==,1
The report will be submitted before the deadline. Thank you.,0
The supplies are expected to arrive tomorrow. || SIGNAL:U1RBVFVTLVJFRA==,1
The logistics report has been submitted.,0
The team should arrive at the location before sunset. Thank you.,0
The logistics report has been submitted. || SIGNAL:QlJBVk8tMDc=,1
The logistics report has been submitted. || SIGNAL:VEFTSy0wOQ==,1
The daily report has been updated. || SIGNAL:TUlTU0lPTi0xMg==,1
The team will meet at the training center tomorrow. || SIGNAL:REVMVEEtMjE=,1
Update: The equipment has been moved to storage.,0
The report will be submitted before the deadline.,0
the communication network is operating normally.,0
The supplies are expected to arrive tomorrow. || SIGNAL:REVMVEEtMjE=,1
The personnel briefing starts at eight. || SIGNAL:U1RBVFVTLUdSRUVO,1
The scheduled activity will continue tomorrow. || SIGNAL:REVMVEEtMjE=,1
The weather is expected to remain clear today. || SIGNAL:U1RBVFVTLUdSRUVO,1
The unit will conduct routine training this afternoon. Please confirm.,0
The vehicle maintenance is scheduled for Monday. Please confirm.,0
The unit will conduct routine training this afternoon. || SIGNAL:U1RBVFVTLVJFRA==,1
The scheduled activity will continue tomorrow. || SIGNAL:QUxQSEEtMDE=,1
The maintenance team completed the inspection. || SIGNAL:REVMVEEtMjE=,1
Update: The equipment inspection will begin at nine.,0
The logistics report has been submitted. Thank you.,0
The scheduled activity will continue tomorrow. || SIGNAL:QUxQSEEtMDE=,1
the vehicle maintenance is scheduled for monday.,0
The logistics report has been submitted.,0
The equipment has been moved to storage. || SIGNAL:Tk9ERS0xNw==,1
the scheduled activity will continue tomorrow.,0
The weather is expected to remain clear today. Thank you.,0
The scheduled activity will continue tomorrow. || SIGNAL:VEFTSy0wOQ==,1
Update: The scheduled activity will continue tomorrow.,0
the report will be submitted before the deadline.,0
The unit will conduct routine training this afternoon. || SIGNAL:REVMVEEtMjE=,1
The scheduled activity will continue tomorrow. || SIGNAL:QlJBVk8tMDc=,1
Update: The communication network is operating normally.,0
The exercise will continue according to the schedule. Please confirm.,0
The team completed the assigned task. || SIGNAL:Tk9ERS0xNw==,1
The logistics report has been submitted. || SIGNAL:QUxQSEEtMDE=,1
the weather is expected to remain clear today.,0
the report will be submitted before the deadline.,0
The scheduled activity will continue tomorrow. Please confirm.,0
the equipment inspection will begin at nine.,0
The weather is expected to remain clear today. || SIGNAL:TUlTU0lPTi0xMg==,1
The personnel briefing starts at eight. || SIGNAL:U1RBVFVTLUdSRUVO,1
Update: The team completed the assigned task.,0
The unit will conduct routine training this afternoon. || SIGNAL:REVMVEEtMjE=,1
The vehicles are ready for inspection. || SIGNAL:QlJBVk8tMDc=,1
The daily report has been updated. Please confirm.,0
THE PERSONNEL BRIEFING STARTS AT EIGHT.,0
Update: The personnel briefing starts at eight.,0
the vehicle maintenance is scheduled for monday.,0
the personnel briefing starts at eight.,0
The team completed the assigned task. || SIGNAL:Tk9ERS0xNw==,1
The personnel briefing starts at eight. || SIGNAL:TUlTU0lPTi0xMg==,1
The training session begins after lunch.,0
The team completed the assigned task. Thank you.,0
The supplies are expected to arrive tomorrow.,0
THE EQUIPMENT INSPECTION WILL BEGIN AT NINE.,0
The team completed the assigned task. || SIGNAL:QlJBVk8tMDc=,1
The communication network is operating normally. || SIGNAL:REVMVEEtMjE=,1
The team will meet at the training center tomorrow. || SIGNAL:QlJBVk8tMDc=,1
THE REPORT WILL BE SUBMITTED BEFORE THE DEADLINE.,0
THE UNIT WILL CONDUCT ROUTINE TRAINING THIS AFTERNOON.,0
the exercise will continue according to the schedule.,0
THE EQUIPMENT HAS BEEN MOVED TO STORAGE.,0
Update: The supplies are expected to arrive tomorrow.,0
THE VEHICLES ARE READY FOR INSPECTION.,0
The equipment has been moved to storage. Please confirm.,0
The team will meet at the training center tomorrow. || SIGNAL:VEFTSy0wOQ==,1
The weather is expected to remain clear today. || SIGNAL:VEFTSy0wOQ==,1
The vehicles are ready for inspection. Please confirm.,0
The team will meet at the training center tomorrow. Thank you.,0
Update: The personnel briefing starts at eight.,0
THE PERSONNEL BRIEFING STARTS AT EIGHT.,0
The team completed the assigned task.,0
Update: The personnel briefing starts at eight.,0
The logistics report has been submitted. || SIGNAL:QUxQSEEtMDE=,1
The personnel briefing starts at eight. Thank you.,0
THE SUPPLIES ARE EXPECTED TO ARRIVE TOMORROW.,0
The meeting has been moved to the main office. || SIGNAL:U1RBVFVTLUdSRUVO,1
THE MEETING HAS BEEN MOVED TO THE MAIN OFFICE.,0
The team completed the assigned task.,0
The report will be submitted before the deadline. Please confirm.,0
The maintenance team completed the inspection. || SIGNAL:QUxQSEEtMDE=,1
Update: The equipment inspection will begin at nine.,0
The team should arrive at the location before sunset. Please confirm.,0
The equipment inspection will begin at nine. || SIGNAL:QUxQSEEtMDE=,1
The equipment has been moved to storage.,0
The scheduled activity will continue tomorrow. || SIGNAL:U1RBVFVTLVJFRA==,1
The team should arrive at the location before sunset. Thank you.,0
The training session begins after lunch. || SIGNAL:QUxQSEEtMDE=,1
the team should arrive at the location before sunset.,0
the supplies are expected to arrive tomorrow.,0
the team should arrive at the location before sunset.,0
The vehicle maintenance is scheduled for Monday. || SIGNAL:REVMVEEtMjE=,1
the equipment has been moved to storage.,0
the unit will conduct routine training this afternoon.,0
The meeting has been moved to the main office. || SIGNAL:QlJBVk8tMDc=,1
Update: The team completed the assigned task.,0
The personnel briefing starts at eight. || SIGNAL:Tk9ERS0xNw==,1
The scheduled activity will continue tomorrow. || SIGNAL:U1RBVFVTLVJFRA==,1
The equipment inspection will begin at nine. || SIGNAL:VEFTSy0wOQ==,1
The meeting has been moved to the main office. || SIGNAL:U1RBVFVTLUdSRUVO,1
The team should arrive at the location before sunset. || SIGNAL:QUxQSEEtMDE=,1
The maintenance team completed the inspection. || SIGNAL:REVMVEEtMjE=,1
Update: The logistics report has been submitted.,0
The report will be submitted before the deadline. Thank you.,0
The report will be submitted before the deadline. || SIGNAL:U1RBVFVTLVJFRA==,1
The supplies are expected to arrive tomorrow. || SIGNAL:Uk9VVEUtMDg=,1
The exercise will continue according to the schedule. || SIGNAL:QUxQSEEtMDE=,1
The training session begins after lunch. Please confirm.,0
The team will meet at the training center tomorrow. || SIGNAL:REVMVEEtMjE=,1
The equipment has been moved to storage. || SIGNAL:Tk9ERS0xNw==,1
Update: The daily report has been updated.,0
The team should arrive at the location before sunset. || SIGNAL:TUlTU0lPTi0xMg==,1
The supplies are expected to arrive tomorrow. || SIGNAL:QUxQSEEtMDE=,1
The team completed the assigned task. || SIGNAL:REVMVEEtMjE=,1
The equipment has been moved to storage. || SIGNAL:REVMVEEtMjE=,1
The supplies are expected to arrive tomorrow. || SIGNAL:TUlTU0lPTi0xMg==,1
Update: The vehicle maintenance is scheduled for Monday.,0
The equipment has been moved to storage. || SIGNAL:U1RBVFVTLVJFRA==,1
THE WEATHER IS EXPECTED TO REMAIN CLEAR TODAY.,0
The training session begins after lunch. || SIGNAL:QUxQSEEtMDE=,1
Update: The personnel briefing starts at eight.,0
The team will meet at the training center tomorrow. || SIGNAL:U1RBVFVTLUdSRUVO,1
The equipment inspection will begin at nine. Please confirm.,0
The unit will conduct routine training this afternoon. || SIGNAL:TUlTU0lPTi0xMg==,1
The equipment has been moved to storage. Please confirm.,0
The maintenance team completed the inspection. || SIGNAL:Tk9ERS0xNw==,1
The equipment has been moved to storage. || SIGNAL:Tk9ERS0xNw==,1
The team completed the assigned task. || SIGNAL:Q0hFQ0tQT0lOVC0wMw==,1
The vehicles are ready for inspection. || SIGNAL:U1RBVFVTLUdSRUVO,1
The team should arrive at the location before sunset. || SIGNAL:QUxQSEEtMDE=,1
The equipment inspection will begin at nine. Thank you.,0
The communication network is operating normally. || SIGNAL:U1RBVFVTLVJFRA==,1
The team will meet at the training center tomorrow. || SIGNAL:U1RBVFVTLUdSRUVO,1
The scheduled activity will continue tomorrow. Thank you.,0
THE TRAINING SESSION BEGINS AFTER LUNCH.,0
The maintenance team completed the inspection. Thank you.,0
The vehicles are ready for inspection. || SIGNAL:QUxQSEEtMDE=,1
The weather is expected to remain clear today. || SIGNAL:Uk9VVEUtMDg=,1
The team completed the assigned task. || SIGNAL:VEFTSy0wOQ==,1
THE VEHICLE MAINTENANCE IS SCHEDULED FOR MONDAY.,0
Update: The equipment inspection will begin at nine.,0
THE TRAINING SESSION BEGINS AFTER LUNCH.,0
the team should arrive at the location before sunset.,0
Update: The report will be submitted before the deadline.,0
The meeting has been moved to the main office. || SIGNAL:QUxQSEEtMDE=,1
The unit will conduct routine training this afternoon. || SIGNAL:Tk9ERS0xNw==,1
The equipment has been moved to storage. || SIGNAL:Q0hFQ0tQT0lOVC0wMw==,1
THE WEATHER IS EXPECTED TO REMAIN CLEAR TODAY.,0
The vehicles are ready for inspection. Please confirm.,0
The daily report has been updated. || SIGNAL:QUxQSEEtMDE=,1
The daily report has been updated. Thank you.,0
the logistics report has been submitted.,0
The exercise will continue according to the schedule. || SIGNAL:REVMVEEtMjE=,1
The equipment has been moved to storage. || SIGNAL:Q0hFQ0tQT0lOVC0wMw==,1
The team should arrive at the location before sunset. || SIGNAL:QUxQSEEtMDE=,1
The team should arrive at the location before sunset. || SIGNAL:VEFTSy0wOQ==,1
The supplies are expected to arrive tomorrow. || SIGNAL:U1RBVFVTLUdSRUVO,1
The scheduled activity will continue tomorrow. Please confirm.,0
The equipment has been moved to storage. || SIGNAL:TUlTU0lPTi0xMg==,1
The equipment inspection will begin at nine. || SIGNAL:U1RBVFVTLVJFRA==,1
The supplies are expected to arrive tomorrow. Please confirm.,0
The communication network is operating normally. Please confirm.,0
THE VEHICLES ARE READY FOR INSPECTION.,0
Update: The maintenance team completed the inspection.,0
Update: The training session begins after lunch.,0
The maintenance team completed the inspection. || SIGNAL:QUxQSEEtMDE=,1
The unit will conduct routine training this afternoon. || SIGNAL:QUxQSEEtMDE=,1
The weather is expected to remain clear today. || SIGNAL:TUlTU0lPTi0xMg==,1
Update: The vehicle maintenance is scheduled for Monday.,0
The team will meet at the training center tomorrow. || SIGNAL:QlJBVk8tMDc=,1
The report will be submitted before the deadline. || SIGNAL:REVMVEEtMjE=,1
THE TEAM WILL MEET AT THE TRAINING CENTER TOMORROW.,0
The team should arrive at the location before sunset. Please confirm.,0
The scheduled activity will continue tomorrow. || SIGNAL:Q0hFQ0tQT0lOVC0wMw==,1
the team will meet at the training center tomorrow.,0
the meeting has been moved to the main office.,0
THE WEATHER IS EXPECTED TO REMAIN CLEAR TODAY.,0
The vehicle maintenance is scheduled for Monday. Please confirm.,0
The vehicles are ready for inspection. || SIGNAL:QUxQSEEtMDE=,1
The supplies are expected to arrive tomorrow. Please confirm.,0
The exercise will continue according to the schedule. || SIGNAL:Q0hFQ0tQT0lOVC0wMw==,1
The vehicles are ready for inspection. || SIGNAL:Q0hFQ0tQT0lOVC0wMw==,1
The team completed the assigned task. Please confirm.,0
The scheduled activity will continue tomorrow. || SIGNAL:TUlTU0lPTi0xMg==,1
the vehicles are ready for inspection.,0
The training session begins after lunch. Thank you.,0
Update: The personnel briefing starts at eight.,0
THE PERSONNEL BRIEFING STARTS AT EIGHT.,0
The logistics report has been submitted. || SIGNAL:Q0hFQ0tQT0lOVC0wMw==,1
The team should arrive at the location before sunset. || SIGNAL:Tk9ERS0xNw==,1
Update: The scheduled activity will continue tomorrow.,0
The daily report has been updated. || SIGNAL:QlJBVk8tMDc=,1
Update: The maintenance team completed the inspection.,0
Update: The vehicle maintenance is scheduled for Monday.,0
The vehicle maintenance is scheduled for Monday.,0
the meeting has been moved to the main office.,0
The logistics report has been submitted. || SIGNAL:TUlTU0lPTi0xMg==,1
The report will be submitted before the deadline. || SIGNAL:Tk9ERS0xNw==,1
The meeting has been moved to the main office. || SIGNAL:Tk9ERS0xNw==,1
Update: The weather is expected to remain clear today.,0
the unit will conduct routine training this afternoon.,0
The communication network is operating normally. || SIGNAL:TUlTU0lPTi0xMg==,1
The supplies are expected to arrive tomorrow. || SIGNAL:Tk9ERS0xNw==,1
The personnel briefing starts at eight. || SIGNAL:TUlTU0lPTi0xMg==,1
The daily report has been updated.,0
The report will be submitted before the deadline. || SIGNAL:Q0hFQ0tQT0lOVC0wMw==,1
THE PERSONNEL BRIEFING STARTS AT EIGHT.,0
The personnel briefing starts at eight.,0
The daily report has been updated.,0
The weather is expected to remain clear today. || SIGNAL:Tk9ERS0xNw==,1
The personnel briefing starts at eight. || SIGNAL:Tk9ERS0xNw==,1
The supplies are expected to arrive tomorrow. Please confirm.,0
The team will meet at the training center tomorrow. || SIGNAL:QUxQSEEtMDE=,1
The team should arrive at the location before sunset. || SIGNAL:QlJBVk8tMDc=,1
The maintenance team completed the inspection. || SIGNAL:Tk9ERS0xNw==,1
The exercise will continue according to the schedule. || SIGNAL:VEFTSy0wOQ==,1
The supplies are expected to arrive tomorrow. || SIGNAL:QlJBVk8tMDc=,1
Update: The unit will conduct routine training this afternoon.,0
The training session begins after lunch.,0
The report will be submitted before the deadline. || SIGNAL:VEFTSy0wOQ==,1
The maintenance team completed the inspection. || SIGNAL:Tk9ERS0xNw==,1
THE TEAM WILL MEET AT THE TRAINING CENTER TOMORROW.,0
THE EQUIPMENT HAS BEEN MOVED TO STORAGE.,0
The equipment has been moved to storage. || SIGNAL:U1RBVFVTLVJFRA==,1
The report will be submitted before the deadline. || SIGNAL:TUlTU0lPTi0xMg==,1
Update: The training session begins after lunch.,0
The logistics report has been submitted. || SIGNAL:REVMVEEtMjE=,1
the vehicles are ready for inspection.,0
the equipment has been moved to storage.,0
The unit will conduct routine training this afternoon. || SIGNAL:REVMVEEtMjE=,1
THE SUPPLIES ARE EXPECTED TO ARRIVE TOMORROW.,0
The maintenance team completed the inspection. Thank you.,0
The meeting has been moved to the main office. || SIGNAL:Uk9VVEUtMDg=,1
The vehicles are ready for inspection. || SIGNAL:QUxQSEEtMDE=,1
The daily report has been updated. || SIGNAL:QUxQSEEtMDE=,1
The personnel briefing starts at eight. || SIGNAL:REVMVEEtMjE=,1
The maintenance team completed the inspection. || SIGNAL:Tk9ERS0xNw==,1
the vehicles are ready for inspection.,0
The logistics report has been submitted. Thank you.,0
The team completed the assigned task. Thank you.,0
the daily report has been updated.,0
the equipment has been moved to storage.,0
Update: The meeting has been moved to the main office.,0
The equipment has been moved to storage. Please confirm.,0
THE TEAM COMPLETED THE ASSIGNED TASK.,0
The team completed the assigned task. || SIGNAL:QUxQSEEtMDE=,1
The training session begins after lunch. || SIGNAL:VEFTSy0wOQ==,1
The report will be submitted before the deadline. || SIGNAL:U1RBVFVTLUdSRUVO,1
The training session begins after lunch. || SIGNAL:U1RBVFVTLUdSRUVO,1
The exercise will continue according to the schedule. || SIGNAL:Uk9VVEUtMDg=,1
The unit will conduct routine training this afternoon.,0
the maintenance team completed the inspection.,0
The daily report has been updated.,0
Update: The equipment inspection will begin at nine.,0
The vehicles are ready for inspection. || SIGNAL:TUlTU0lPTi0xMg==,1
The team will meet at the training center tomorrow. || SIGNAL:QUxQSEEtMDE=,1
The team should arrive at the location before sunset. || SIGNAL:U1RBVFVTLVJFRA==,1
The maintenance team completed the inspection. Please confirm.,0
The report will be submitted before the deadline. || SIGNAL:QUxQSEEtMDE=,1
the report will be submitted before the deadline.,0
the personnel briefing starts at eight.,0
The scheduled activity will continue tomorrow. || SIGNAL:Tk9ERS0xNw==,1
The personnel briefing starts at eight. || SIGNAL:QlJBVk8tMDc=,1
The equipment has been moved to storage. || SIGNAL:U1RBVFVTLUdSRUVO,1
The team completed the assigned task. || SIGNAL:U1RBVFVTLUdSRUVO,1
The exercise will continue according to the schedule. || SIGNAL:Tk9ERS0xNw==,1
Update: The equipment inspection will begin at nine.,0
The team should arrive at the location before sunset. || SIGNAL:TUlTU0lPTi0xMg==,1
Update: The exercise will continue according to the schedule.,0
THE LOGISTICS REPORT HAS BEEN SUBMITTED.,0
the scheduled activity will continue tomorrow.,0
The vehicles are ready for inspection. || SIGNAL:VEFTSy0wOQ==,1
The maintenance team completed the inspection. || SIGNAL:REVMVEEtMjE=,1
The team will meet at the training center tomorrow. Please confirm.,0
The report will be submitted before the deadline. || SIGNAL:Tk9ERS0xNw==,1
the equipment has been moved to storage.,0
THE LOGISTICS REPORT HAS BEEN SUBMITTED.,0
The team should arrive at the location before sunset.,0
Update: The supplies are expected to arrive tomorrow.,0
The meeting has been moved to the main office. Thank you.,0
The vehicle maintenance is scheduled for Monday. || SIGNAL:U1RBVFVTLUdSRUVO,1
The daily report has been updated. Please confirm.,0
The report will be submitted before the deadline.,0
The logistics report has been submitted.,0
The meeting has been moved to the main office. || SIGNAL:TUlTU0lPTi0xMg==,1
The training session begins after lunch. || SIGNAL:Uk9VVEUtMDg=,1
The communication network is operating normally. Thank you.,0
The vehicle maintenance is scheduled for Monday. || SIGNAL:U1RBVFVTLVJFRA==,1
The team completed the assigned task. || SIGNAL:Q0hFQ0tQT0lOVC0wMw==,1
The equipment inspection will begin at nine.,0
The team should arrive at the location before sunset.,0
The scheduled activity will continue tomorrow. || SIGNAL:Uk9VVEUtMDg=,1
The team completed the assigned task. Thank you.,0
THE REPORT WILL BE SUBMITTED BEFORE THE DEADLINE.,0
the scheduled activity will continue tomorrow.,0
The exercise will continue according to the schedule. || SIGNAL:QUxQSEEtMDE=,1
THE COMMUNICATION NETWORK IS OPERATING NORMALLY.,0
the team completed the assigned task.,0
The personnel briefing starts at eight. Thank you.,0
The maintenance team completed the inspection. || SIGNAL:TUlTU0lPTi0xMg==,1
The vehicle maintenance is scheduled for Monday. || SIGNAL:Uk9VVEUtMDg=,1
the team will meet at the training center tomorrow.,0
The team should arrive at the location before sunset.,0
The communication network is operating normally. || SIGNAL:U1RBVFVTLVJFRA==,1
The equipment has been moved to storage. || SIGNAL:REVMVEEtMjE=,1
The scheduled activity will continue tomorrow. || SIGNAL:Tk9ERS0xNw==,1
The team should arrive at the location before sunset. Please confirm.,0
Update: The equipment inspection will begin at nine.,0
THE EQUIPMENT HAS BEEN MOVED TO STORAGE.,0
The exercise will continue according to the schedule. || SIGNAL:Q0hFQ0tQT0lOVC0wMw==,1
The logistics report has been submitted. || SIGNAL:Tk9ERS0xNw==,1
The maintenance team completed the inspection. || SIGNAL:QUxQSEEtMDE=,1
The communication network is operating normally. Thank you.,0
THE MAINTENANCE TEAM COMPLETED THE INSPECTION.,0
The unit will conduct routine training this afternoon. || SIGNAL:TUlTU0lPTi0xMg==,1
The exercise will continue according to the schedule. || SIGNAL:REVMVEEtMjE=,1
The supplies are expected to arrive tomorrow. || SIGNAL:TUlTU0lPTi0xMg==,1
The vehicles are ready for inspection. Thank you.,0
The scheduled activity will continue tomorrow. || SIGNAL:Uk9VVEUtMDg=,1
The unit will conduct routine training this afternoon. Thank you.,0
The meeting has been moved to the main office. || SIGNAL:U1RBVFVTLUdSRUVO,1
the equipment has been moved to storage.,0
Update: The team completed the assigned task.,0
The report will be submitted before the deadline.,0
The team completed the assigned task. || SIGNAL:QlJBVk8tMDc=,1
the vehicles are ready for inspection.,0
THE COMMUNICATION NETWORK IS OPERATING NORMALLY.,0
The vehicle maintenance is scheduled for Monday. || SIGNAL:TUlTU0lPTi0xMg==,1
The vehicle maintenance is scheduled for Monday. || SIGNAL:REVMVEEtMjE=,1
THE SCHEDULED ACTIVITY WILL CONTINUE TOMORROW.,0
The team completed the assigned task. || SIGNAL:Q0hFQ0tQT0lOVC0wMw==,1
Update: The equipment has been moved to storage.,0
The weather is expected to remain clear today. || SIGNAL:U1RBVFVTLVJFRA==,1
The logistics report has been submitted.,0
The supplies are expected to arrive tomorrow. Please confirm.,0
Update: The equipment inspection will begin at nine.,0
The equipment has been moved to storage. Please confirm.,0
The team completed the assigned task. || SIGNAL:U1RBVFVTLUdSRUVO,1
The meeting has been moved to the main office. Thank you.,0
The equipment has been moved to storage. || SIGNAL:Tk9ERS0xNw==,1
The vehicles are ready for inspection. || SIGNAL:REVMVEEtMjE=,1
The personnel briefing starts at eight. || SIGNAL:REVMVEEtMjE=,1
The daily report has been updated. || SIGNAL:QUxQSEEtMDE=,1
The training session begins after lunch. || SIGNAL:Q0hFQ0tQT0lOVC0wMw==,1
THE EQUIPMENT HAS BEEN MOVED TO STORAGE.,0
The daily report has been updated. || SIGNAL:Uk9VVEUtMDg=,1
The vehicle maintenance is scheduled for Monday. || SIGNAL:Q0hFQ0tQT0lOVC0wMw==,1
The equipment inspection will begin at nine. || SIGNAL:QlJBVk8tMDc=,1
the daily report has been updated.,0
The vehicle maintenance is scheduled for Monday. || SIGNAL:Uk9VVEUtMDg=,1
The meeting has been moved to the main office. || SIGNAL:U1RBVFVTLUdSRUVO,1
The unit will conduct routine training this afternoon. Please confirm.,0
Update: The meeting has been moved to the main office.,0
THE EQUIPMENT HAS BEEN MOVED TO STORAGE.,0
The communication network is operating normally. || SIGNAL:QUxQSEEtMDE=,1
Update: The meeting has been moved to the main office.,0
THE VEHICLES ARE READY FOR INSPECTION.,0
The daily report has been updated. || SIGNAL:REVMVEEtMjE=,1
The team will meet at the training center tomorrow. || SIGNAL:U1RBVFVTLVJFRA==,1
the team will meet at the training center tomorrow.,0
The exercise will continue according to the schedule. || SIGNAL:VEFTSy0wOQ==,1
The exercise will continue according to the schedule. || SIGNAL:VEFTSy0wOQ==,1
The scheduled activity will continue tomorrow. Thank you.,0
The report will be submitted before the deadline. || SIGNAL:Uk9VVEUtMDg=,1
The daily report has been updated. Please confirm.,0
The equipment inspection will begin at nine. || SIGNAL:REVMVEEtMjE=,1
Update: The maintenance team completed the inspection.,0
The training session begins after lunch. || SIGNAL:Uk9VVEUtMDg=,1
The logistics report has been submitted. || SIGNAL:QUxQSEEtMDE=,1
The logistics report has been submitted. || SIGNAL:Q0hFQ0tQT0lOVC0wMw==,1
the maintenance team completed the inspection.,0
The vehicle maintenance is scheduled for Monday. Please confirm.,0
THE SUPPLIES ARE EXPECTED TO ARRIVE TOMORROW.,0
The equipment has been moved to storage. || SIGNAL:REVMVEEtMjE=,1
The maintenance team completed the inspection. Please confirm.,0
The equipment has been moved to storage. || SIGNAL:Tk9ERS0xNw==,1
The report will be submitted before the deadline. || SIGNAL:TUlTU0lPTi0xMg==,1
The equipment has been moved to storage. || SIGNAL:QlJBVk8tMDc=,1
Update: The maintenance team completed the inspection.,0
The training session begins after lunch. || SIGNAL:U1RBVFVTLVJFRA==,1
The exercise will continue according to the schedule. || SIGNAL:U1RBVFVTLUdSRUVO,1
Update: The logistics report has been submitted.,0
the team will meet at the training center tomorrow.,0
the weather is expected to remain clear today.,0
The weather is expected to remain clear today. || SIGNAL:Uk9VVEUtMDg=,1
The vehicle maintenance is scheduled for Monday. || SIGNAL:U1RBVFVTLUdSRUVO,1
The communication network is operating normally. || SIGNAL:U1RBVFVTLVJFRA==,1
the vehicle maintenance is scheduled for monday.,0
The daily report has been updated. || SIGNAL:REVMVEEtMjE=,1
The logistics report has been submitted. Please confirm.,0
The report will be submitted before the deadline. || SIGNAL:QUxQSEEtMDE=,1
The team should arrive at the location before sunset. Thank you.,0
The exercise will continue according to the schedule. || SIGNAL:REVMVEEtMjE=,1
The vehicles are ready for inspection. || SIGNAL:Q0hFQ0tQT0lOVC0wMw==,1
Update: The communication network is operating normally.,0
the vehicles are ready for inspection.,0
The equipment inspection will begin at nine. || SIGNAL:QUxQSEEtMDE=,1
The equipment has been moved to storage. Thank you.,0
the team completed the assigned task.,0
The daily report has been updated. || SIGNAL:QlJBVk8tMDc=,1
The equipment inspection will begin at nine.,0
The unit will conduct routine training this afternoon. || SIGNAL:Tk9ERS0xNw==,1
Update: The equipment inspection will begin at nine.,0
The equipment inspection will begin at nine. || SIGNAL:U1RBVFVTLVJFRA==,1
The vehicle maintenance is scheduled for Monday. || SIGNAL:U1RBVFVTLVJFRA==,1
the exercise will continue according to the schedule.,0
The supplies are expected to arrive tomorrow. || SIGNAL:U1RBVFVTLVJFRA==,1
The supplies are expected to arrive tomorrow. || SIGNAL:QUxQSEEtMDE=,1
The unit will conduct routine training this afternoon. Please confirm.,0
The team will meet at the training center tomorrow. || SIGNAL:U1RBVFVTLVJFRA==,1
The unit will conduct routine training this afternoon. Thank you.,0
Update: The unit will conduct routine training this afternoon.,0
The team will meet at the training center tomorrow. Thank you.,0
THE DAILY REPORT HAS BEEN UPDATED.,0
Update: The weather is expected to remain clear today.,0
The maintenance team completed the inspection. || SIGNAL:Uk9VVEUtMDg=,1
The logistics report has been submitted. || SIGNAL:REVMVEEtMjE=,1
The maintenance team completed the inspection.,0
The team will meet at the training center tomorrow. Thank you.,0
The unit will conduct routine training this afternoon. || SIGNAL:Tk9ERS0xNw==,1
The vehicles are ready for inspection. || SIGNAL:Q0hFQ0tQT0lOVC0wMw==,1
THE SCHEDULED ACTIVITY WILL CONTINUE TOMORROW.,0
the scheduled activity will continue tomorrow.,0
The supplies are expected to arrive tomorrow.,0
The supplies are expected to arrive tomorrow. Please confirm.,0
The personnel briefing starts at eight. || SIGNAL:Tk9ERS0xNw==,1
the supplies are expected to arrive tomorrow.,0
Update: The supplies are expected to arrive tomorrow.,0
The team will meet at the training center tomorrow. Thank you.,0
The vehicle maintenance is scheduled for Monday. Please confirm.,0
THE WEATHER IS EXPECTED TO REMAIN CLEAR TODAY.,0
THE VEHICLE MAINTENANCE IS SCHEDULED FOR MONDAY.,0
The equipment inspection will begin at nine. || SIGNAL:U1RBVFVTLVJFRA==,1
The weather is expected to remain clear today. Thank you.,0
The report will be submitted before the deadline. || SIGNAL:QUxQSEEtMDE=,1
The exercise will continue according to the schedule. || SIGNAL:TUlTU0lPTi0xMg==,1
The team completed the assigned task. || SIGNAL:VEFTSy0wOQ==,1
Update: The vehicle maintenance is scheduled for Monday.,0
Update: The equipment has been moved to storage.,0
THE LOGISTICS REPORT HAS BEEN SUBMITTED.,0
The exercise will continue according to the schedule. Thank you.,0
the equipment has been moved to storage.,0
The training session begins after lunch. || SIGNAL:Q0hFQ0tQT0lOVC0wMw==,1
Update: The communication network is operating normally.,0
The vehicle maintenance is scheduled for Monday. || SIGNAL:TUlTU0lPTi0xMg==,1
The weather is expected to remain clear today. || SIGNAL:REVMVEEtMjE=,1
The team will meet at the training center tomorrow. Please confirm.,0
THE SUPPLIES ARE EXPECTED TO ARRIVE TOMORROW.,0
The maintenance team completed the inspection. || SIGNAL:QUxQSEEtMDE=,1
The vehicles are ready for inspection. || SIGNAL:TUlTU0lPTi0xMg==,1
The daily report has been updated. || SIGNAL:Q0hFQ0tQT0lOVC0wMw==,1
The vehicle maintenance is scheduled for Monday. || SIGNAL:U1RBVFVTLVJFRA==,1
The team should arrive at the location before sunset. || SIGNAL:U1RBVFVTLVJFRA==,1
The personnel briefing starts at eight. || SIGNAL:TUlTU0lPTi0xMg==,1
Update: The daily report has been updated.,0
The vehicles are ready for inspection. || SIGNAL:VEFTSy0wOQ==,1
The unit will conduct routine training this afternoon. Thank you.,0
The maintenance team completed the inspection. Please confirm.,0
Update: The team completed the assigned task.,0
The equipment has been moved to storage. || SIGNAL:U1RBVFVTLUdSRUVO,1
The vehicles are ready for inspection. || SIGNAL:Uk9VVEUtMDg=,1
The maintenance team completed the inspection. || SIGNAL:VEFTSy0wOQ==,1
The equipment inspection will begin at nine. || SIGNAL:Tk9ERS0xNw==,1
Update: The logistics report has been submitted.,0
The scheduled activity will continue tomorrow. Please confirm.,0
The logistics report has been submitted.,0
The logistics report has been submitted. || SIGNAL:Tk9ERS0xNw==,1
The personnel briefing starts at eight. || SIGNAL:REVMVEEtMjE=,1
The exercise will continue according to the schedule. || SIGNAL:TUlTU0lPTi0xMg==,1
The team will meet at the training center tomorrow.,0
The training session begins after lunch. || SIGNAL:U1RBVFVTLVJFRA==,1
The training session begins after lunch. || SIGNAL:Tk9ERS0xNw==,1
the team will meet at the training center tomorrow.,0
The meeting has been moved to the main office. || SIGNAL:QlJBVk8tMDc=,1
The supplies are expected to arrive tomorrow. || SIGNAL:VEFTSy0wOQ==,1
The vehicle maintenance is scheduled for Monday. || SIGNAL:VEFTSy0wOQ==,1
Update: The maintenance team completed the inspection.,0
THE REPORT WILL BE SUBMITTED BEFORE THE DEADLINE.,0
THE WEATHER IS EXPECTED TO REMAIN CLEAR TODAY.,0
The communication network is operating normally. || SIGNAL:TUlTU0lPTi0xMg==,1
Update: The team will meet at the training center tomorrow.,0
The team should arrive at the location before sunset. Please confirm.,0
The supplies are expected to arrive tomorrow. || SIGNAL:Q0hFQ0tQT0lOVC0wMw==,1
Update: The meeting has been moved to the main office.,0
The unit will conduct routine training this afternoon. Please confirm.,0
The unit will conduct routine training this afternoon.,0
The team should arrive at the location before sunset. || SIGNAL:REVMVEEtMjE=,1
The scheduled activity will continue tomorrow.,0
THE EQUIPMENT HAS BEEN MOVED TO STORAGE.,0
The unit will conduct routine training this afternoon. || SIGNAL:Q0hFQ0tQT0lOVC0wMw==,1
The daily report has been updated. || SIGNAL:QUxQSEEtMDE=,1
The communication network is operating normally.,0
THE EQUIPMENT HAS BEEN MOVED TO STORAGE.,0
The report will be submitted before the deadline. || SIGNAL:TUlTU0lPTi0xMg==,1
The vehicle maintenance is scheduled for Monday. || SIGNAL:Uk9VVEUtMDg=,1
The team should arrive at the location before sunset. Please confirm.,0
The scheduled activity will continue tomorrow. Thank you.,0
The exercise will continue according to the schedule. || SIGNAL:REVMVEEtMjE=,1
The training session begins after lunch. Please confirm.,0
The team should arrive at the location before sunset. || SIGNAL:Tk9ERS0xNw==,1
The supplies are expected to arrive tomorrow. || SIGNAL:Q0hFQ0tQT0lOVC0wMw==,1
The equipment has been moved to storage. || SIGNAL:REVMVEEtMjE=,1
The training session begins after lunch. Please confirm.,0
The communication network is operating normally. || SIGNAL:U1RBVFVTLUdSRUVO,1
The logistics report has been submitted. Please confirm.,0
The weather is expected to remain clear today.,0
the vehicle maintenance is scheduled for monday.,0
the meeting has been moved to the main office.,0
Update: The team completed the assigned task.,0
The maintenance team completed the inspection. || SIGNAL:U1RBVFVTLUdSRUVO,1
The weather is expected to remain clear today. || SIGNAL:Uk9VVEUtMDg=,1
The daily report has been updated.,0
The unit will conduct routine training this afternoon. || SIGNAL:QlJBVk8tMDc=,1
The communication network is operating normally. Please confirm.,0
The supplies are expected to arrive tomorrow. || SIGNAL:QUxQSEEtMDE=,1
The communication network is operating normally. || SIGNAL:Tk9ERS0xNw==,1
The unit will conduct routine training this afternoon. Please confirm.,0
The vehicles are ready for inspection. || SIGNAL:QUxQSEEtMDE=,1
The team should arrive at the location before sunset. Please confirm.,0
The scheduled activity will continue tomorrow. Thank you.,0
the daily report has been updated.,0
The communication network is operating normally. || SIGNAL:TUlTU0lPTi0xMg==,1
The logistics report has been submitted.,0
The report will be submitted before the deadline. || SIGNAL:TUlTU0lPTi0xMg==,1
THE EXERCISE WILL CONTINUE ACCORDING TO THE SCHEDULE.,0
Update: The scheduled activity will continue tomorrow.,0
The communication network is operating normally. || SIGNAL:Q0hFQ0tQT0lOVC0wMw==,1
the report will be submitted before the deadline.,0
Update: The personnel briefing starts at eight.,0
The logistics report has been submitted. || SIGNAL:REVMVEEtMjE=,1
Update: The report will be submitted before the deadline.,0
The team should arrive at the location before sunset. || SIGNAL:Uk9VVEUtMDg=,1
The personnel briefing starts at eight. || SIGNAL:TUlTU0lPTi0xMg==,1
The team will meet at the training center tomorrow.,0
Update: The unit will conduct routine training this afternoon.,0
The vehicle maintenance is scheduled for Monday. || SIGNAL:TUlTU0lPTi0xMg==,1
The training session begins after lunch.,0
The team completed the assigned task. || SIGNAL:REVMVEEtMjE=,1
the logistics report has been submitted.,0
The equipment inspection will begin at nine. || SIGNAL:QUxQSEEtMDE=,1
The meeting has been moved to the main office. || SIGNAL:REVMVEEtMjE=,1
The equipment inspection will begin at nine. Please confirm.,0
The logistics report has been submitted. || SIGNAL:Uk9VVEUtMDg=,1
The unit will conduct routine training this afternoon. Please confirm.,0
Update: The equipment inspection will begin at nine.,0
THE EXERCISE WILL CONTINUE ACCORDING TO THE SCHEDULE.,0
THE PERSONNEL BRIEFING STARTS AT EIGHT.,0
the report will be submitted before the deadline.,0
The weather is expected to remain clear today. || SIGNAL:TUlTU0lPTi0xMg==,1
The communication network is operating normally. || SIGNAL:TUlTU0lPTi0xMg==,1
The vehicles are ready for inspection. Please confirm.,0
The equipment has been moved to storage. || SIGNAL:Uk9VVEUtMDg=,1
The team should arrive at the location before sunset. || SIGNAL:U1RBVFVTLVJFRA==,1
The maintenance team completed the inspection. Thank you.,0
The meeting has been moved to the main office. || SIGNAL:REVMVEEtMjE=,1
The report will be submitted before the deadline. Please confirm.,0
Update: The equipment inspection will begin at nine.,0
The communication network is operating normally. || SIGNAL:Tk9ERS0xNw==,1
The report will be submitted before the deadline.,0
the equipment inspection will begin at nine.,0
Update: The training session begins after lunch.,0
The equipment has been moved to storage.,0
The personnel briefing starts at eight. Please confirm.,0
the meeting has been moved to the main office.,0
Update: The maintenance team completed the inspection.,0
The team completed the assigned task. || SIGNAL:QUxQSEEtMDE=,1
The logistics report has been submitted. || SIGNAL:U1RBVFVTLVJFRA==,1
The personnel briefing starts at eight. || SIGNAL:TUlTU0lPTi0xMg==,1
The supplies are expected to arrive tomorrow. || SIGNAL:U1RBVFVTLUdSRUVO,1
The team completed the assigned task. Please confirm.,0
The personnel briefing starts at eight. || SIGNAL:QUxQSEEtMDE=,1
The vehicle maintenance is scheduled for Monday. || SIGNAL:Tk9ERS0xNw==,1
The daily report has been updated. || SIGNAL:Tk9ERS0xNw==,1
The meeting has been moved to the main office. || SIGNAL:QUxQSEEtMDE=,1
Update: The vehicles are ready for inspection.,0
The daily report has been updated. || SIGNAL:Uk9VVEUtMDg=,1
The supplies are expected to arrive tomorrow.,0
The report will be submitted before the deadline. Please confirm.,0
The equipment has been moved to storage. || SIGNAL:Tk9ERS0xNw==,1
The communication network is operating normally. || SIGNAL:QlJBVk8tMDc=,1
The personnel briefing starts at eight.,0
The meeting has been moved to the main office. || SIGNAL:U1RBVFVTLUdSRUVO,1
The vehicle maintenance is scheduled for Monday. || SIGNAL:QUxQSEEtMDE=,1
The daily report has been updated.,0
the equipment inspection will begin at nine.,0
The equipment has been moved to storage. Thank you.,0
the equipment inspection will begin at nine.,0
the equipment has been moved to storage.,0
The unit will conduct routine training this afternoon.,0
The report will be submitted before the deadline. Please confirm.,0
The report will be submitted before the deadline. Please confirm.,0
Update: The logistics report has been submitted.,0
The team will meet at the training center tomorrow. || SIGNAL:Q0hFQ0tQT0lOVC0wMw==,1
Update: The weather is expected to remain clear today.,0
The vehicles are ready for inspection. || SIGNAL:VEFTSy0wOQ==,1
The training session begins after lunch. || SIGNAL:REVMVEEtMjE=,1
the maintenance team completed the inspection.,0
The team will meet at the training center tomorrow. Please confirm.,0
The equipment has been moved to storage.,0
The report will be submitted before the deadline. || SIGNAL:VEFTSy0wOQ==,1
The team completed the assigned task. || SIGNAL:U1RBVFVTLVJFRA==,1
The logistics report has been submitted. || SIGNAL:Q0hFQ0tQT0lOVC0wMw==,1
The meeting has been moved to the main office. || SIGNAL:TUlTU0lPTi0xMg==,1
The personnel briefing starts at eight. || SIGNAL:QUxQSEEtMDE=,1
The personnel briefing starts at eight. || SIGNAL:U1RBVFVTLVJFRA==,1
The report will be submitted before the deadline. || SIGNAL:QUxQSEEtMDE=,1
The equipment inspection will begin at nine. || SIGNAL:TUlTU0lPTi0xMg==,1
The team completed the assigned task. || SIGNAL:TUlTU0lPTi0xMg==,1
The team will meet at the training center tomorrow. || SIGNAL:QUxQSEEtMDE=,1
Update: The report will be submitted before the deadline.,0
The daily report has been updated. || SIGNAL:QlJBVk8tMDc=,1
THE UNIT WILL CONDUCT ROUTINE TRAINING THIS AFTERNOON.,0
The equipment inspection will begin at nine.,0
the vehicles are ready for inspection.,0
The weather is expected to remain clear today. || SIGNAL:REVMVEEtMjE=,1
The maintenance team completed the inspection. Please confirm.,0
The weather is expected to remain clear today. || SIGNAL:U1RBVFVTLVJFRA==,1
The team should arrive at the location before sunset. || SIGNAL:REVMVEEtMjE=,1
The team will meet at the training center tomorrow. || SIGNAL:QUxQSEEtMDE=,1
The unit will conduct routine training this afternoon. || SIGNAL:REVMVEEtMjE=,1
The equipment inspection will begin at nine. || SIGNAL:QlJBVk8tMDc=,1
The scheduled activity will continue tomorrow. || SIGNAL:Uk9VVEUtMDg=,1
The scheduled activity will continue tomorrow. || SIGNAL:TUlTU0lPTi0xMg==,1
The equipment inspection will begin at nine. Please confirm.,0
The supplies are expected to arrive tomorrow. || SIGNAL:QUxQSEEtMDE=,1
The vehicles are ready for inspection. || SIGNAL:Q0hFQ0tQT0lOVC0wMw==,1
Update: The daily report has been updated.,0
The meeting has been moved to the main office. || SIGNAL:U1RBVFVTLVJFRA==,1
The maintenance team completed the inspection. Thank you.,0
The vehicle maintenance is scheduled for Monday. Thank you.,0
The report will be submitted before the deadline. || SIGNAL:VEFTSy0wOQ==,1
The exercise will continue according to the schedule. || SIGNAL:QlJBVk8tMDc=,1
The daily report has been updated.,0
The unit will conduct routine training this afternoon. || SIGNAL:QUxQSEEtMDE=,1
THE SCHEDULED ACTIVITY WILL CONTINUE TOMORROW.,0
The communication network is operating normally. Thank you.,0
The report will be submitted before the deadline. || SIGNAL:VEFTSy0wOQ==,1
The maintenance team completed the inspection. || SIGNAL:Tk9ERS0xNw==,1
The equipment inspection will begin at nine. || SIGNAL:Uk9VVEUtMDg=,1
The exercise will continue according to the schedule. Thank you.,0
The team completed the assigned task. || SIGNAL:REVMVEEtMjE=,1
Update: The training session begins after lunch.,0
the vehicle maintenance is scheduled for monday.,0
The personnel briefing starts at eight. || SIGNAL:Q0hFQ0tQT0lOVC0wMw==,1
THE REPORT WILL BE SUBMITTED BEFORE THE DEADLINE.,0
The scheduled activity will continue tomorrow.,0
The logistics report has been submitted. || SIGNAL:QlJBVk8tMDc=,1
The vehicle maintenance is scheduled for Monday. Please confirm.,0
The supplies are expected to arrive tomorrow. || SIGNAL:QlJBVk8tMDc=,1
The maintenance team completed the inspection. || SIGNAL:REVMVEEtMjE=,1
The scheduled activity will continue tomorrow. || SIGNAL:Uk9VVEUtMDg=,1
The logistics report has been submitted. || SIGNAL:Q0hFQ0tQT0lOVC0wMw==,1
The supplies are expected to arrive tomorrow. || SIGNAL:U1RBVFVTLVJFRA==,1
THE MAINTENANCE TEAM COMPLETED THE INSPECTION.,0
The maintenance team completed the inspection.,0
the report will be submitted before the deadline.,0
Update: The supplies are expected to arrive tomorrow.,0
the daily report has been updated.,0
The vehicles are ready for inspection.,0
THE EQUIPMENT HAS BEEN MOVED TO STORAGE.,0
The personnel briefing starts at eight. || SIGNAL:U1RBVFVTLUdSRUVO,1
Update: The weather is expected to remain clear today.,0
The maintenance team completed the inspection. Thank you.,0
The equipment inspection will begin at nine.,0
The logistics report has been submitted. || SIGNAL:U1RBVFVTLUdSRUVO,1
The daily report has been updated. || SIGNAL:VEFTSy0wOQ==,1
The meeting has been moved to the main office.,0
The vehicles are ready for inspection. || SIGNAL:U1RBVFVTLVJFRA==,1
The team should arrive at the location before sunset. || SIGNAL:U1RBVFVTLUdSRUVO,1
The exercise will continue according to the schedule. || SIGNAL:Q0hFQ0tQT0lOVC0wMw==,1
The team completed the assigned task. Thank you.,0
The equipment has been moved to storage. Thank you.,0
The equipment inspection will begin at nine. Please confirm.,0
The vehicle maintenance is scheduled for Monday. || SIGNAL:REVMVEEtMjE=,1
The vehicle maintenance is scheduled for Monday. || SIGNAL:Tk9ERS0xNw==,1
The scheduled activity will continue tomorrow. || SIGNAL:TUlTU0lPTi0xMg==,1
the daily report has been updated.,0
The unit will conduct routine training this afternoon. || SIGNAL:VEFTSy0wOQ==,1
THE EQUIPMENT HAS BEEN MOVED TO STORAGE.,0
The vehicles are ready for inspection. || SIGNAL:REVMVEEtMjE=,1
The equipment has been moved to storage. || SIGNAL:REVMVEEtMjE=,1
The vehicle maintenance is scheduled for Monday. Please confirm.,0
The scheduled activity will continue tomorrow. Please confirm.,0
The team completed the assigned task.,0
THE COMMUNICATION NETWORK IS OPERATING NORMALLY.,0
The training session begins after lunch. || SIGNAL:U1RBVFVTLUdSRUVO,1
the vehicle maintenance is scheduled for monday.,0
The team completed the assigned task. || SIGNAL:Q0hFQ0tQT0lOVC0wMw==,1
The logistics report has been submitted. || SIGNAL:QUxQSEEtMDE=,1
The scheduled activity will continue tomorrow. Please confirm.,0
THE TEAM COMPLETED THE ASSIGNED TASK.,0
The logistics report has been submitted. || SIGNAL:U1RBVFVTLVJFRA==,1
The weather is expected to remain clear today.,0
Update: The equipment inspection will begin at nine.,0
The weather is expected to remain clear today. Thank you.,0
The report will be submitted before the deadline. || SIGNAL:U1RBVFVTLUdSRUVO,1
The maintenance team completed the inspection. Thank you.,0
THE VEHICLES ARE READY FOR INSPECTION.,0
the maintenance team completed the inspection.,0
The team will meet at the training center tomorrow. || SIGNAL:TUlTU0lPTi0xMg==,1
THE UNIT WILL CONDUCT ROUTINE TRAINING THIS AFTERNOON.,0
The vehicle maintenance is scheduled for Monday. || SIGNAL:Tk9ERS0xNw==,1
The equipment has been moved to storage. Thank you.,0
Update: The maintenance team completed the inspection.,0
The exercise will continue according to the schedule. || SIGNAL:Q0hFQ0tQT0lOVC0wMw==,1
The meeting has been moved to the main office. || SIGNAL:U1RBVFVTLVJFRA==,1
The unit will conduct routine training this afternoon. || SIGNAL:QlJBVk8tMDc=,1
The team will meet at the training center tomorrow. || SIGNAL:Q0hFQ0tQT0lOVC0wMw==,1
THE LOGISTICS REPORT HAS BEEN SUBMITTED.,0
The vehicles are ready for inspection. || SIGNAL:Uk9VVEUtMDg=,1
The vehicles are ready for inspection. || SIGNAL:VEFTSy0wOQ==,1
The logistics report has been submitted. Thank you.,0
The personnel briefing starts at eight. || SIGNAL:U1RBVFVTLUdSRUVO,1
Update: The equipment inspection will begin at nine.,0
The logistics report has been submitted. || SIGNAL:Tk9ERS0xNw==,1
THE EQUIPMENT HAS BEEN MOVED TO STORAGE.,0
The vehicle maintenance is scheduled for Monday. Please confirm.,0
The unit will conduct routine training this afternoon. || SIGNAL:Tk9ERS0xNw==,1
The vehicle maintenance is scheduled for Monday. || SIGNAL:VEFTSy0wOQ==,1
The communication network is operating normally. || SIGNAL:U1RBVFVTLUdSRUVO,1
The training session begins after lunch. || SIGNAL:U1RBVFVTLUdSRUVO,1
the vehicle maintenance is scheduled for monday.,0
the equipment inspection will begin at nine.,0
THE PERSONNEL BRIEFING STARTS AT EIGHT.,0
The training session begins after lunch. || SIGNAL:Q0hFQ0tQT0lOVC0wMw==,1
the exercise will continue according to the schedule.,0
The logistics report has been submitted.,0
The daily report has been updated. || SIGNAL:QlJBVk8tMDc=,1
The maintenance team completed the inspection. || SIGNAL:QUxQSEEtMDE=,1
The supplies are expected to arrive tomorrow. || SIGNAL:QUxQSEEtMDE=,1
The equipment has been moved to storage. Please confirm.,0
the vehicles are ready for inspection.,0
The daily report has been updated. || SIGNAL:REVMVEEtMjE=,1
The vehicle maintenance is scheduled for Monday. || SIGNAL:VEFTSy0wOQ==,1
the equipment has been moved to storage.,0
Update: The vehicles are ready for inspection.,0
Update: The personnel briefing starts at eight.,0
THE MAINTENANCE TEAM COMPLETED THE INSPECTION.,0
The report will be submitted before the deadline. Please confirm.,0
the daily report has been updated.,0
The exercise will continue according to the schedule. || SIGNAL:QlJBVk8tMDc=,1
The training session begins after lunch. || SIGNAL:Uk9VVEUtMDg=,1
The equipment inspection will begin at nine. || SIGNAL:TUlTU0lPTi0xMg==,1
The logistics report has been submitted. || SIGNAL:U1RBVFVTLUdSRUVO,1
THE TEAM SHOULD ARRIVE AT THE LOCATION BEFORE SUNSET.,0
The equipment inspection will begin at nine. Please confirm.,0
The equipment inspection will begin at nine.,0
The equipment inspection will begin at nine. || SIGNAL:Tk9ERS0xNw==,1
The weather is expected to remain clear today. Please confirm.,0
The daily report has been updated. || SIGNAL:Uk9VVEUtMDg=,1
The vehicle maintenance is scheduled for Monday. Thank you.,0
The equipment has been moved to storage. Thank you.,0
The supplies are expected to arrive tomorrow. || SIGNAL:Q0hFQ0tQT0lOVC0wMw==,1
the report will be submitted before the deadline.,0
The personnel briefing starts at eight. Please confirm.,0
The team completed the assigned task. || SIGNAL:REVMVEEtMjE=,1
The equipment has been moved to storage.,0
The personnel briefing starts at eight. || SIGNAL:QlJBVk8tMDc=,1
The training session begins after lunch. || SIGNAL:Uk9VVEUtMDg=,1
The report will be submitted before the deadline. || SIGNAL:QUxQSEEtMDE=,1
The vehicle maintenance is scheduled for Monday. || SIGNAL:TUlTU0lPTi0xMg==,1
The vehicles are ready for inspection. Thank you.,0
The team should arrive at the location before sunset. || SIGNAL:QUxQSEEtMDE=,1
The personnel briefing starts at eight. || SIGNAL:QUxQSEEtMDE=,1
Update: The team completed the assigned task.,0
The daily report has been updated. || SIGNAL:Uk9VVEUtMDg=,1
The meeting has been moved to the main office. || SIGNAL:QUxQSEEtMDE=,1
The communication network is operating normally. || SIGNAL:Q0hFQ0tQT0lOVC0wMw==,1
The unit will conduct routine training this afternoon. || SIGNAL:TUlTU0lPTi0xMg==,1
The team should arrive at the location before sunset. || SIGNAL:Tk9ERS0xNw==,1
The report will be submitted before the deadline. Thank you.,0
Update: The training session begins after lunch.,0
the equipment has been moved to storage.,0
The vehicles are ready for inspection. || SIGNAL:TUlTU0lPTi0xMg==,1
The team will meet at the training center tomorrow. || SIGNAL:QlJBVk8tMDc=,1
The supplies are expected to arrive tomorrow. || SIGNAL:Tk9ERS0xNw==,1
THE REPORT WILL BE SUBMITTED BEFORE THE DEADLINE.,0
The daily report has been updated. || SIGNAL:Uk9VVEUtMDg=,1
THE TEAM WILL MEET AT THE TRAINING CENTER TOMORROW.,0
The vehicles are ready for inspection.,0
The training session begins after lunch. || SIGNAL:QlJBVk8tMDc=,1
the team will meet at the training center tomorrow.,0
The meeting has been moved to the main office. Thank you.,0
The weather is expected to remain clear today. || SIGNAL:QUxQSEEtMDE=,1
The maintenance team completed the inspection. Thank you.,0
The team will meet at the training center tomorrow. || SIGNAL:U1RBVFVTLUdSRUVO,1
the team completed the assigned task.,0
The weather is expected to remain clear today. || SIGNAL:Uk9VVEUtMDg=,1
The communication network is operating normally. Please confirm.,0
Update: The exercise will continue according to the schedule.,0
The meeting has been moved to the main office. || SIGNAL:U1RBVFVTLVJFRA==,1
the supplies are expected to arrive tomorrow.,0
The exercise will continue according to the schedule. || SIGNAL:QUxQSEEtMDE=,1
The equipment has been moved to storage. || SIGNAL:U1RBVFVTLUdSRUVO,1
The meeting has been moved to the main office. || SIGNAL:Tk9ERS0xNw==,1
the team completed the assigned task.,0
The supplies are expected to arrive tomorrow. || SIGNAL:TUlTU0lPTi0xMg==,1
The scheduled activity will continue tomorrow. || SIGNAL:REVMVEEtMjE=,1
the personnel briefing starts at eight.,0
The weather is expected to remain clear today. || SIGNAL:QlJBVk8tMDc=,1
The communication network is operating normally. Please confirm.,0
The team will meet at the training center tomorrow. Thank you.,0
The equipment inspection will begin at nine. || SIGNAL:VEFTSy0wOQ==,1
The equipment inspection will begin at nine. || SIGNAL:U1RBVFVTLUdSRUVO,1
THE EQUIPMENT HAS BEEN MOVED TO STORAGE.,0
The personnel briefing starts at eight.,0
The vehicle maintenance is scheduled for Monday. Please confirm.,0
The weather is expected to remain clear today.,0
The exercise will continue according to the schedule. || SIGNAL:TUlTU0lPTi0xMg==,1
The training session begins after lunch. || SIGNAL:Tk9ERS0xNw==,1
The logistics report has been submitted. Please confirm.,0
The vehicles are ready for inspection.,0
The equipment has been moved to storage. || SIGNAL:TUlTU0lPTi0xMg==,1
The personnel briefing starts at eight. || SIGNAL:U1RBVFVTLUdSRUVO,1
The team should arrive at the location before sunset. || SIGNAL:Q0hFQ0tQT0lOVC0wMw==,1
Update: The supplies are expected to arrive tomorrow.,0
THE TEAM COMPLETED THE ASSIGNED TASK.,0
The equipment inspection will begin at nine. || SIGNAL:U1RBVFVTLUdSRUVO,1
The vehicle maintenance is scheduled for Monday. || SIGNAL:VEFTSy0wOQ==,1
The personnel briefing starts at eight. Please confirm.,0
The scheduled activity will continue tomorrow. || SIGNAL:U1RBVFVTLUdSRUVO,1
The weather is expected to remain clear today. || SIGNAL:Uk9VVEUtMDg=,1
the training session begins after lunch.,0
THE PERSONNEL BRIEFING STARTS AT EIGHT.,0
The logistics report has been submitted. || SIGNAL:U1RBVFVTLUdSRUVO,1
The team completed the assigned task. Please confirm.,0
THE VEHICLE MAINTENANCE IS SCHEDULED FOR MONDAY.,0
the personnel briefing starts at eight.,0
The vehicle maintenance is scheduled for Monday. || SIGNAL:U1RBVFVTLUdSRUVO,1
The personnel briefing starts at eight. Please confirm.,0
the vehicle maintenance is scheduled for monday.,0
Update: The personnel briefing starts at eight.,0
The team completed the assigned task. || SIGNAL:QUxQSEEtMDE=,1
Update: The unit will conduct routine training this afternoon.,0
The equipment has been moved to storage. || SIGNAL:TUlTU0lPTi0xMg==,1
The exercise will continue according to the schedule. || SIGNAL:U1RBVFVTLVJFRA==,1
The team should arrive at the location before sunset. || SIGNAL:VEFTSy0wOQ==,1
The team will meet at the training center tomorrow. || SIGNAL:Tk9ERS0xNw==,1
The scheduled activity will continue tomorrow.,0
the supplies are expected to arrive tomorrow.,0
The unit will conduct routine training this afternoon. || SIGNAL:Q0hFQ0tQT0lOVC0wMw==,1
Update: The team should arrive at the location before sunset.,0
the meeting has been moved to the main office.,0
The maintenance team completed the inspection.,0
The report will be submitted before the deadline. || SIGNAL:Tk9ERS0xNw==,1
The report will be submitted before the deadline. || SIGNAL:REVMVEEtMjE=,1
The weather is expected to remain clear today. || SIGNAL:U1RBVFVTLUdSRUVO,1
The meeting has been moved to the main office. || SIGNAL:TUlTU0lPTi0xMg==,1
The training session begins after lunch. || SIGNAL:QUxQSEEtMDE=,1
Update: The team should arrive at the location before sunset.,0
the training session begins after lunch.,0
Update: The meeting has been moved to the main office.,0
The team completed the assigned task. Please confirm.,0
the team completed the assigned task.,0
Update: The communication network is operating normally.,0
The team completed the assigned task. Thank you.,0
The communication network is operating normally. || SIGNAL:TUlTU0lPTi0xMg==,1
The exercise will continue according to the schedule.,0
The scheduled activity will continue tomorrow. || SIGNAL:QlJBVk8tMDc=,1
The supplies are expected to arrive tomorrow. || SIGNAL:Uk9VVEUtMDg=,1
Update: The team completed the assigned task.,0
The maintenance team completed the inspection. || SIGNAL:Uk9VVEUtMDg=,1
The weather is expected to remain clear today. || SIGNAL:U1RBVFVTLUdSRUVO,1
The equipment inspection will begin at nine. || SIGNAL:TUlTU0lPTi0xMg==,1
The unit will conduct routine training this afternoon.,0
THE COMMUNICATION NETWORK IS OPERATING NORMALLY.,0
The team should arrive at the location before sunset. || SIGNAL:QlJBVk8tMDc=,1
Update: The unit will conduct routine training this afternoon.,0
The personnel briefing starts at eight.,0
Update: The logistics report has been submitted.,0
The meeting has been moved to the main office. || SIGNAL:Tk9ERS0xNw==,1
the exercise will continue according to the schedule.,0
The vehicle maintenance is scheduled for Monday. || SIGNAL:Tk9ERS0xNw==,1
The training session begins after lunch. Thank you.,0
the report will be submitted before the deadline.,0
The supplies are expected to arrive tomorrow.,0
Update: The vehicles are ready for inspection.,0
The exercise will continue according to the schedule. || SIGNAL:U1RBVFVTLVJFRA==,1
The daily report has been updated.,0
The vehicle maintenance is scheduled for Monday. || SIGNAL:VEFTSy0wOQ==,1
The logistics report has been submitted. || SIGNAL:Q0hFQ0tQT0lOVC0wMw==,1
The team should arrive at the location before sunset.,0
The vehicle maintenance is scheduled for Monday. Please confirm.,0
The report will be submitted before the deadline. || SIGNAL:U1RBVFVTLVJFRA==,1
The vehicle maintenance is scheduled for Monday. || SIGNAL:TUlTU0lPTi0xMg==,1
The equipment inspection will begin at nine. Thank you.,0
The meeting has been moved to the main office. || SIGNAL:VEFTSy0wOQ==,1
Update: The maintenance team completed the inspection.,0
The team completed the assigned task. || SIGNAL:U1RBVFVTLVJFRA==,1
The scheduled activity will continue tomorrow. || SIGNAL:QUxQSEEtMDE=,1
The logistics report has been submitted. Please confirm.,0
The unit will conduct routine training this afternoon. || SIGNAL:Tk9ERS0xNw==,1
The scheduled activity will continue tomorrow. || SIGNAL:QUxQSEEtMDE=,1
the personnel briefing starts at eight.,0
The team should arrive at the location before sunset. || SIGNAL:Q0hFQ0tQT0lOVC0wMw==,1
The exercise will continue according to the schedule.,0
the supplies are expected to arrive tomorrow.,0
The maintenance team completed the inspection. || SIGNAL:VEFTSy0wOQ==,1
The maintenance team completed the inspection. || SIGNAL:VEFTSy0wOQ==,1
The report will be submitted before the deadline. || SIGNAL:U1RBVFVTLUdSRUVO,1
The team will meet at the training center tomorrow. || SIGNAL:REVMVEEtMjE=,1
Update: The scheduled activity will continue tomorrow.,0
The scheduled activity will continue tomorrow. || SIGNAL:Uk9VVEUtMDg=,1
The supplies are expected to arrive tomorrow. || SIGNAL:REVMVEEtMjE=,1
the maintenance team completed the inspection.,0
The supplies are expected to arrive tomorrow. Thank you.,0
The equipment has been moved to storage. || SIGNAL:QUxQSEEtMDE=,1
The logistics report has been submitted. || SIGNAL:QUxQSEEtMDE=,1
The team should arrive at the location before sunset. || SIGNAL:TUlTU0lPTi0xMg==,1
the daily report has been updated.,0
The equipment has been moved to storage. || SIGNAL:Uk9VVEUtMDg=,1
The team will meet at the training center tomorrow. || SIGNAL:Uk9VVEUtMDg=,1
The team should arrive at the location before sunset. || SIGNAL:U1RBVFVTLVJFRA==,1
The team will meet at the training center tomorrow. || SIGNAL:QUxQSEEtMDE=,1
The unit will conduct routine training this afternoon. || SIGNAL:QUxQSEEtMDE=,1
Update: The team completed the assigned task.,0
The personnel briefing starts at eight.,0
The team should arrive at the location before sunset. Please confirm.,0
the weather is expected to remain clear today.,0
THE EQUIPMENT INSPECTION WILL BEGIN AT NINE.,0
The report will be submitted before the deadline. || SIGNAL:U1RBVFVTLVJFRA==,1
The scheduled activity will continue tomorrow. || SIGNAL:QUxQSEEtMDE=,1
The equipment inspection will begin at nine. || SIGNAL:TUlTU0lPTi0xMg==,1
The personnel briefing starts at eight.,0
The team should arrive at the location before sunset. || SIGNAL:QUxQSEEtMDE=,1
The report will be submitted before the deadline. || SIGNAL:Tk9ERS0xNw==,1
The scheduled activity will continue tomorrow. || SIGNAL:U1RBVFVTLVJFRA==,1
The maintenance team completed the inspection.,0
the equipment inspection will begin at nine.,0
The daily report has been updated. || SIGNAL:REVMVEEtMjE=,1
The vehicles are ready for inspection. Please confirm.,0
The vehicles are ready for inspection.,0
Update: The supplies are expected to arrive tomorrow.,0
The equipment has been moved to storage. || SIGNAL:QlJBVk8tMDc=,1
The meeting has been moved to the main office. || SIGNAL:QlJBVk8tMDc=,1
The report will be submitted before the deadline. || SIGNAL:QlJBVk8tMDc=,1
The personnel briefing starts at eight. || SIGNAL:QUxQSEEtMDE=,1
The maintenance team completed the inspection. Please confirm.,0
The vehicle maintenance is scheduled for Monday.,0
The daily report has been updated. Thank you.,0
The daily report has been updated. Please confirm.,0
The maintenance team completed the inspection. || SIGNAL:REVMVEEtMjE=,1
The equipment inspection will begin at nine. || SIGNAL:QlJBVk8tMDc=,1
The supplies are expected to arrive tomorrow.,0
The equipment inspection will begin at nine. || SIGNAL:Q0hFQ0tQT0lOVC0wMw==,1
The exercise will continue according to the schedule. Please confirm.,0
the communication network is operating normally.,0
The personnel briefing starts at eight. || SIGNAL:U1RBVFVTLUdSRUVO,1
The weather is expected to remain clear today. || SIGNAL:U1RBVFVTLUdSRUVO,1
The team should arrive at the location before sunset. Thank you.,0
THE UNIT WILL CONDUCT ROUTINE TRAINING THIS AFTERNOON.,0
The maintenance team completed the inspection. Thank you.,0
The equipment inspection will begin at nine. Thank you.,0
Update: The vehicles are ready for inspection.,0
The scheduled activity will continue tomorrow. || SIGNAL:QlJBVk8tMDc=,1
the maintenance team completed the inspection.,0
The unit will conduct routine training this afternoon. || SIGNAL:QUxQSEEtMDE=,1
THE COMMUNICATION NETWORK IS OPERATING NORMALLY.,0
the exercise will continue according to the schedule.,0
The unit will conduct routine training this afternoon. Thank you.,0
The unit will conduct routine training this afternoon. Please confirm.,0
The exercise will continue according to the schedule. || SIGNAL:VEFTSy0wOQ==,1
The team completed the assigned task. || SIGNAL:TUlTU0lPTi0xMg==,1
The team should arrive at the location before sunset. || SIGNAL:QlJBVk8tMDc=,1
The communication network is operating normally. || SIGNAL:Tk9ERS0xNw==,1
The daily report has been updated. || SIGNAL:REVMVEEtMjE=,1
The unit will conduct routine training this afternoon. || SIGNAL:Uk9VVEUtMDg=,1
The communication network is operating normally. || SIGNAL:Uk9VVEUtMDg=,1
The unit will conduct routine training this afternoon. || SIGNAL:U1RBVFVTLVJFRA==,1
The weather is expected to remain clear today. Thank you.,0
The supplies are expected to arrive tomorrow. || SIGNAL:TUlTU0lPTi0xMg==,1
Update: The team completed the assigned task.,0
The logistics report has been submitted. || SIGNAL:VEFTSy0wOQ==,1
Update: The equipment has been moved to storage.,0
The exercise will continue according to the schedule. || SIGNAL:U1RBVFVTLVJFRA==,1
The daily report has been updated. || SIGNAL:Q0hFQ0tQT0lOVC0wMw==,1
THE VEHICLE MAINTENANCE IS SCHEDULED FOR MONDAY.,0
THE COMMUNICATION NETWORK IS OPERATING NORMALLY.,0
The report will be submitted before the deadline. Thank you.,0
The personnel briefing starts at eight. || SIGNAL:QUxQSEEtMDE=,1
The meeting has been moved to the main office.,0
The daily report has been updated.,0
The communication network is operating normally. Thank you.,0
THE MAINTENANCE TEAM COMPLETED THE INSPECTION.,0
the scheduled activity will continue tomorrow.,0
The team will meet at the training center tomorrow.,0
The supplies are expected to arrive tomorrow. || SIGNAL:REVMVEEtMjE=,1
The training session begins after lunch. || SIGNAL:VEFTSy0wOQ==,1
The vehicles are ready for inspection. Thank you.,0
The maintenance team completed the inspection. Please confirm.,0
The unit will conduct routine training this afternoon. || SIGNAL:REVMVEEtMjE=,1
The team completed the assigned task. Thank you.,0
The supplies are expected to arrive tomorrow. || SIGNAL:U1RBVFVTLUdSRUVO,1
The team will meet at the training center tomorrow. || SIGNAL:Tk9ERS0xNw==,1
The equipment has been moved to storage. Thank you.,0
the report will be submitted before the deadline.,0
The equipment has been moved to storage. || SIGNAL:U1RBVFVTLVJFRA==,1
The vehicles are ready for inspection. || SIGNAL:U1RBVFVTLUdSRUVO,1
Update: The personnel briefing starts at eight.,0
The logistics report has been submitted. || SIGNAL:Uk9VVEUtMDg=,1
The team will meet at the training center tomorrow.,0
The personnel briefing starts at eight. || SIGNAL:Uk9VVEUtMDg=,1
The meeting has been moved to the main office. Thank you.,0
THE LOGISTICS REPORT HAS BEEN SUBMITTED.,0
The logistics report has been submitted. || SIGNAL:QUxQSEEtMDE=,1
Update: The report will be submitted before the deadline.,0
the communication network is operating normally.,0
Update: The unit will conduct routine training this afternoon.,0
Update: The training session begins after lunch.,0
The scheduled activity will continue tomorrow. Thank you.,0
The personnel briefing starts at eight. Please confirm.,0
The report will be submitted before the deadline. || SIGNAL:Q0hFQ0tQT0lOVC0wMw==,1
The maintenance team completed the inspection. Thank you.,0
The daily report has been updated. || SIGNAL:TUlTU0lPTi0xMg==,1
The daily report has been updated.,0
The supplies are expected to arrive tomorrow. || SIGNAL:QUxQSEEtMDE=,1
The team completed the assigned task. || SIGNAL:QlJBVk8tMDc=,1
The team completed the assigned task. || SIGNAL:VEFTSy0wOQ==,1
The team will meet at the training center tomorrow. || SIGNAL:Q0hFQ0tQT0lOVC0wMw==,1
The vehicles are ready for inspection. || SIGNAL:Tk9ERS0xNw==,1
The vehicle maintenance is scheduled for Monday. || SIGNAL:QlJBVk8tMDc=,1
The supplies are expected to arrive tomorrow. || SIGNAL:REVMVEEtMjE=,1
The daily report has been updated.,0
Update: The vehicles are ready for inspection.,0
THE DAILY REPORT HAS BEEN UPDATED.,0
Update: The logistics report has been submitted.,0
The weather is expected to remain clear today. || SIGNAL:QUxQSEEtMDE=,1
Update: The equipment has been moved to storage.,0
the vehicles are ready for inspection.,0
The team completed the assigned task. || SIGNAL:VEFTSy0wOQ==,1
The personnel briefing starts at eight.,0
The team completed the assigned task. || SIGNAL:REVMVEEtMjE=,1
The meeting has been moved to the main office. || SIGNAL:U1RBVFVTLUdSRUVO,1
The report will be submitted before the deadline. || SIGNAL:QUxQSEEtMDE=,1
The team should arrive at the location before sunset. || SIGNAL:TUlTU0lPTi0xMg==,1
The vehicles are ready for inspection. || SIGNAL:QlJBVk8tMDc=,1
The scheduled activity will continue tomorrow. || SIGNAL:Uk9VVEUtMDg=,1
The meeting has been moved to the main office. || SIGNAL:Tk9ERS0xNw==,1
Update: The team completed the assigned task.,0
Update: The daily report has been updated.,0
The logistics report has been submitted. || SIGNAL:Tk9ERS0xNw==,1
The report will be submitted before the deadline. || SIGNAL:QUxQSEEtMDE=,1
The maintenance team completed the inspection. || SIGNAL:Uk9VVEUtMDg=,1
the maintenance team completed the inspection.,0
The communication network is operating normally.,0
The equipment has been moved to storage. || SIGNAL:REVMVEEtMjE=,1
The weather is expected to remain clear today. Please confirm.,0
The vehicle maintenance is scheduled for Monday. Thank you.,0
The personnel briefing starts at eight.,0
the communication network is operating normally.,0
The maintenance team completed the inspection. || SIGNAL:QUxQSEEtMDE=,1
Update: The personnel briefing starts at eight.,0
The daily report has been updated. Thank you.,0
The daily report has been updated. || SIGNAL:TUlTU0lPTi0xMg==,1
Update: The daily report has been updated.,0
THE VEHICLES ARE READY FOR INSPECTION.,0
The vehicles are ready for inspection. || SIGNAL:Tk9ERS0xNw==,1
The scheduled activity will continue tomorrow. Thank you.,0
The scheduled activity will continue tomorrow. || SIGNAL:U1RBVFVTLUdSRUVO,1
the communication network is operating normally.,0
Update: The meeting has been moved to the main office.,0
The team completed the assigned task. || SIGNAL:Tk9ERS0xNw==,1
The supplies are expected to arrive tomorrow. || SIGNAL:REVMVEEtMjE=,1
The equipment has been moved to storage.,0
The vehicles are ready for inspection. || SIGNAL:Uk9VVEUtMDg=,1
The maintenance team completed the inspection. Thank you.,0
the daily report has been updated.,0
The vehicles are ready for inspection. || SIGNAL:Tk9ERS0xNw==,1
The training session begins after lunch. || SIGNAL:QUxQSEEtMDE=,1
The exercise will continue according to the schedule. || SIGNAL:U1RBVFVTLUdSRUVO,1
THE EXERCISE WILL CONTINUE ACCORDING TO THE SCHEDULE.,0
Update: The meeting has been moved to the main office.,0
The equipment inspection will begin at nine. || SIGNAL:TUlTU0lPTi0xMg==,1
Update: The personnel briefing starts at eight.,0
THE SCHEDULED ACTIVITY WILL CONTINUE TOMORROW.,0
the vehicle maintenance is scheduled for monday.,0
The communication network is operating normally. Thank you.,0
The team completed the assigned task.,0
THE PERSONNEL BRIEFING STARTS AT EIGHT.,0
The meeting has been moved to the main office. Please confirm.,0
The vehicles are ready for inspection. Thank you.,0
The personnel briefing starts at eight. || SIGNAL:Q0hFQ0tQT0lOVC0wMw==,1
The equipment inspection will begin at nine. || SIGNAL:REVMVEEtMjE=,1
The vehicles are ready for inspection. Please confirm.,0
The team completed the assigned task. || SIGNAL:QlJBVk8tMDc=,1
The equipment inspection will begin at nine. || SIGNAL:Q0hFQ0tQT0lOVC0wMw==,1
The vehicle maintenance is scheduled for Monday. || SIGNAL:QlJBVk8tMDc=,1
The unit will conduct routine training this afternoon. || SIGNAL:QlJBVk8tMDc=,1
The report will be submitted before the deadline. Thank you.,0
The meeting has been moved to the main office. Thank you.,0
The equipment has been moved to storage. || SIGNAL:VEFTSy0wOQ==,1
Update: The logistics report has been submitted.,0
The exercise will continue according to the schedule. || SIGNAL:TUlTU0lPTi0xMg==,1
The vehicles are ready for inspection. Please confirm.,0
the vehicles are ready for inspection.,0
The report will be submitted before the deadline. || SIGNAL:QUxQSEEtMDE=,1
The team will meet at the training center tomorrow. || SIGNAL:Uk9VVEUtMDg=,1
The report will be submitted before the deadline. || SIGNAL:VEFTSy0wOQ==,1
The scheduled activity will continue tomorrow. || SIGNAL:U1RBVFVTLUdSRUVO,1
The equipment has been moved to storage. || SIGNAL:QlJBVk8tMDc=,1
The maintenance team completed the inspection. || SIGNAL:U1RBVFVTLVJFRA==,1
The team should arrive at the location before sunset. || SIGNAL:QUxQSEEtMDE=,1
The team should arrive at the location before sunset.,0
Update: The maintenance team completed the inspection.,0
The equipment has been moved to storage. || SIGNAL:TUlTU0lPTi0xMg==,1
The equipment has been moved to storage.,0
Update: The equipment has been moved to storage.,0
The report will be submitted before the deadline. Please confirm.,0
Update: The report will be submitted before the deadline.,0
The exercise will continue according to the schedule. || SIGNAL:VEFTSy0wOQ==,1
The training session begins after lunch. || SIGNAL:QUxQSEEtMDE=,1
The communication network is operating normally. || SIGNAL:Tk9ERS0xNw==,1
The scheduled activity will continue tomorrow. || SIGNAL:QlJBVk8tMDc=,1
The meeting has been moved to the main office. || SIGNAL:Uk9VVEUtMDg=,1
The scheduled activity will continue tomorrow. Thank you.,0
The logistics report has been submitted. || SIGNAL:Q0hFQ0tQT0lOVC0wMw==,1
The communication network is operating normally. || SIGNAL:U1RBVFVTLUdSRUVO,1
THE PERSONNEL BRIEFING STARTS AT EIGHT.,0
The supplies are expected to arrive tomorrow. Thank you.,0
The report will be submitted before the deadline. Thank you.,0
Update: The team should arrive at the location before sunset.,0
The supplies are expected to arrive tomorrow. Please confirm.,0
The unit will conduct routine training this afternoon. || SIGNAL:U1RBVFVTLUdSRUVO,1
The weather is expected to remain clear today. || SIGNAL:TUlTU0lPTi0xMg==,1
The team should arrive at the location before sunset. || SIGNAL:Q0hFQ0tQT0lOVC0wMw==,1
the equipment has been moved to storage.,0
The team completed the assigned task. Please confirm.,0
The equipment inspection will begin at nine. Please confirm.,0
Update: The vehicle maintenance is scheduled for Monday.,0
the scheduled activity will continue tomorrow.,0
The equipment has been moved to storage. || SIGNAL:QlJBVk8tMDc=,1
THE TEAM COMPLETED THE ASSIGNED TASK.,0
Update: The logistics report has been submitted.,0
The team should arrive at the location before sunset. || SIGNAL:Uk9VVEUtMDg=,1
The daily report has been updated. || SIGNAL:U1RBVFVTLVJFRA==,1
The vehicles are ready for inspection. Thank you.,0
The daily report has been updated. || SIGNAL:QUxQSEEtMDE=,1
The vehicles are ready for inspection. Thank you.,0
The vehicles are ready for inspection. || SIGNAL:VEFTSy0wOQ==,1
The exercise will continue according to the schedule. || SIGNAL:U1RBVFVTLVJFRA==,1
The team should arrive at the location before sunset. || SIGNAL:Uk9VVEUtMDg=,1
The vehicles are ready for inspection. Thank you.,0
The logistics report has been submitted. || SIGNAL:VEFTSy0wOQ==,1
Update: The personnel briefing starts at eight.,0
The daily report has been updated.,0
The team will meet at the training center tomorrow. || SIGNAL:Tk9ERS0xNw==,1
The weather is expected to remain clear today. || SIGNAL:U1RBVFVTLUdSRUVO,1
The unit will conduct routine training this afternoon.,0
The supplies are expected to arrive tomorrow. || SIGNAL:Uk9VVEUtMDg=,1
The team completed the assigned task.,0
The daily report has been updated. Please confirm.,0
The exercise will continue according to the schedule. || SIGNAL:U1RBVFVTLUdSRUVO,1
The scheduled activity will continue tomorrow. || SIGNAL:Tk9ERS0xNw==,1
The logistics report has been submitted. || SIGNAL:Uk9VVEUtMDg=,1
the equipment has been moved to storage.,0
The daily report has been updated. || SIGNAL:U1RBVFVTLUdSRUVO,1
The training session begins after lunch. Please confirm.,0
The training session begins after lunch.,0
The training session begins after lunch. || SIGNAL:U1RBVFVTLUdSRUVO,1
THE VEHICLE MAINTENANCE IS SCHEDULED FOR MONDAY.,0
The equipment has been moved to storage. Please confirm.,0
the daily report has been updated.,0
The team completed the assigned task. Please confirm.,0
The equipment inspection will begin at nine. Please confirm.,0
The meeting has been moved to the main office. || SIGNAL:Q0hFQ0tQT0lOVC0wMw==,1
the maintenance team completed the inspection.,0
THE DAILY REPORT HAS BEEN UPDATED.,0
The maintenance team completed the inspection. || SIGNAL:Q0hFQ0tQT0lOVC0wMw==,1
The exercise will continue according to the schedule. || SIGNAL:U1RBVFVTLUdSRUVO,1
THE EQUIPMENT HAS BEEN MOVED TO STORAGE.,0
THE DAILY REPORT HAS BEEN UPDATED.,0
The unit will conduct routine training this afternoon. || SIGNAL:QlJBVk8tMDc=,1
The logistics report has been submitted. || SIGNAL:VEFTSy0wOQ==,1
The supplies are expected to arrive tomorrow. Please confirm.,0
The team will meet at the training center tomorrow. || SIGNAL:VEFTSy0wOQ==,1
The equipment inspection will begin at nine. Please confirm.,0
The training session begins after lunch. || SIGNAL:Tk9ERS0xNw==,1
The vehicle maintenance is scheduled for Monday. Please confirm.,0
The equipment has been moved to storage. || SIGNAL:TUlTU0lPTi0xMg==,1
The unit will conduct routine training this afternoon. || SIGNAL:QUxQSEEtMDE=,1
The equipment inspection will begin at nine. || SIGNAL:VEFTSy0wOQ==,1
the training session begins after lunch.,0
The team will meet at the training center tomorrow.,0
The supplies are expected to arrive tomorrow. || SIGNAL:Uk9VVEUtMDg=,1
The communication network is operating normally. || SIGNAL:U1RBVFVTLVJFRA==,1
The maintenance team completed the inspection. Please confirm.,0
the personnel briefing starts at eight.,0
The equipment has been moved to storage. || SIGNAL:QUxQSEEtMDE=,1
THE LOGISTICS REPORT HAS BEEN SUBMITTED.,0
The personnel briefing starts at eight.,0
The equipment inspection will begin at nine.,0
The scheduled activity will continue tomorrow. || SIGNAL:Tk9ERS0xNw==,1
The report will be submitted before the deadline. Please confirm.,0
The personnel briefing starts at eight. || SIGNAL:Tk9ERS0xNw==,1
The logistics report has been submitted. || SIGNAL:QlJBVk8tMDc=,1
The unit will conduct routine training this afternoon. || SIGNAL:Uk9VVEUtMDg=,1
The meeting has been moved to the main office.,0
The weather is expected to remain clear today. || SIGNAL:QUxQSEEtMDE=,1
The equipment has been moved to storage. Thank you.,0
The equipment has been moved to storage. Thank you.,0
The vehicles are ready for inspection. || SIGNAL:QlJBVk8tMDc=,1
The weather is expected to remain clear today. || SIGNAL:Uk9VVEUtMDg=,1
The communication network is operating normally. || SIGNAL:REVMVEEtMjE=,1
The equipment has been moved to storage. || SIGNAL:Q0hFQ0tQT0lOVC0wMw==,1
The exercise will continue according to the schedule. || SIGNAL:Tk9ERS0xNw==,1
The team should arrive at the location before sunset. || SIGNAL:U1RBVFVTLVJFRA==,1
The logistics report has been submitted. || SIGNAL:Tk9ERS0xNw==,1
Update: The vehicle maintenance is scheduled for Monday.,0
The meeting has been moved to the main office. || SIGNAL:U1RBVFVTLUdSRUVO,1
The exercise will continue according to the schedule. || SIGNAL:QlJBVk8tMDc=,1
THE VEHICLE MAINTENANCE IS SCHEDULED FOR MONDAY.,0
The team completed the assigned task. || SIGNAL:U1RBVFVTLUdSRUVO,1
Update: The team completed the assigned task.,0
the team completed the assigned task.,0
The team should arrive at the location before sunset. || SIGNAL:VEFTSy0wOQ==,1
The meeting has been moved to the main office. || SIGNAL:Uk9VVEUtMDg=,1
The personnel briefing starts at eight. || SIGNAL:REVMVEEtMjE=,1
Update: The team should arrive at the location before sunset.,0
The equipment inspection will begin at nine. || SIGNAL:U1RBVFVTLVJFRA==,1
THE COMMUNICATION NETWORK IS OPERATING NORMALLY.,0
The personnel briefing starts at eight. || SIGNAL:U1RBVFVTLUdSRUVO,1
The team should arrive at the location before sunset. Thank you.,0
THE LOGISTICS REPORT HAS BEEN SUBMITTED.,0
THE TEAM SHOULD ARRIVE AT THE LOCATION BEFORE SUNSET.,0
the maintenance team completed the inspection.,0
The daily report has been updated.,0
The equipment has been moved to storage. Thank you.,0
Update: The exercise will continue according to the schedule.,0
The communication network is operating normally.,0
Update: The vehicle maintenance is scheduled for Monday.,0
The report will be submitted before the deadline. || SIGNAL:VEFTSy0wOQ==,1
Update: The team completed the assigned task.,0
the team completed the assigned task.,0
The team should arrive at the location before sunset. Please confirm.,0
The team should arrive at the location before sunset. || SIGNAL:U1RBVFVTLVJFRA==,1
Update: The training session begins after lunch.,0
The scheduled activity will continue tomorrow. || SIGNAL:TUlTU0lPTi0xMg==,1
THE TEAM WILL MEET AT THE TRAINING CENTER TOMORROW.,0
The training session begins after lunch. || SIGNAL:U1RBVFVTLVJFRA==,1
The team will meet at the training center tomorrow. || SIGNAL:Uk9VVEUtMDg=,1
The team completed the assigned task. || SIGNAL:QlJBVk8tMDc=,1
The daily report has been updated. || SIGNAL:Tk9ERS0xNw==,1
THE WEATHER IS EXPECTED TO REMAIN CLEAR TODAY.,0
The equipment has been moved to storage. Thank you.,0
Update: The daily report has been updated.,0
The unit will conduct routine training this afternoon. || SIGNAL:U1RBVFVTLVJFRA==,1
The scheduled activity will continue tomorrow. || SIGNAL:Uk9VVEUtMDg=,1
The personnel briefing starts at eight. Please confirm.,0
The training session begins after lunch. || SIGNAL:U1RBVFVTLVJFRA==,1
THE REPORT WILL BE SUBMITTED BEFORE THE DEADLINE.,0
The supplies are expected to arrive tomorrow. || SIGNAL:REVMVEEtMjE=,1
The team will meet at the training center tomorrow. || SIGNAL:Tk9ERS0xNw==,1
The equipment has been moved to storage. Thank you.,0
The equipment has been moved to storage. || SIGNAL:TUlTU0lPTi0xMg==,1
The vehicle maintenance is scheduled for Monday.,0
The equipment inspection will begin at nine. Please confirm.,0
The meeting has been moved to the main office. || SIGNAL:U1RBVFVTLUdSRUVO,1
The equipment has been moved to storage. Please confirm.,0
The unit will conduct routine training this afternoon. || SIGNAL:QlJBVk8tMDc=,1
The unit will conduct routine training this afternoon. Please confirm.,0
THE TEAM SHOULD ARRIVE AT THE LOCATION BEFORE SUNSET.,0
THE SUPPLIES ARE EXPECTED TO ARRIVE TOMORROW.,0
The supplies are expected to arrive tomorrow. Thank you.,0
The communication network is operating normally. || SIGNAL:TUlTU0lPTi0xMg==,1
The equipment has been moved to storage. || SIGNAL:QlJBVk8tMDc=,1
The logistics report has been submitted.,0
The supplies are expected to arrive tomorrow. || SIGNAL:TUlTU0lPTi0xMg==,1
The team should arrive at the location before sunset. || SIGNAL:Q0hFQ0tQT0lOVC0wMw==,1
The team will meet at the training center tomorrow. || SIGNAL:REVMVEEtMjE=,1
The vehicles are ready for inspection. || SIGNAL:QUxQSEEtMDE=,1
The logistics report has been submitted. || SIGNAL:VEFTSy0wOQ==,1
The report will be submitted before the deadline. Thank you.,0
The report will be submitted before the deadline. || SIGNAL:U1RBVFVTLVJFRA==,1
The weather is expected to remain clear today. Thank you.,0
The unit will conduct routine training this afternoon.,0
The supplies are expected to arrive tomorrow. Thank you.,0
The meeting has been moved to the main office. || SIGNAL:Q0hFQ0tQT0lOVC0wMw==,1
The maintenance team completed the inspection. || SIGNAL:QlJBVk8tMDc=,1
The weather is expected to remain clear today. || SIGNAL:Q0hFQ0tQT0lOVC0wMw==,1
The vehicles are ready for inspection. || SIGNAL:TUlTU0lPTi0xMg==,1
The communication network is operating normally. || SIGNAL:Uk9VVEUtMDg=,1
The communication network is operating normally. Please confirm.,0
Update: The daily report has been updated.,0
The maintenance team completed the inspection. || SIGNAL:Tk9ERS0xNw==,1
THE TEAM SHOULD ARRIVE AT THE LOCATION BEFORE SUNSET.,0
The unit will conduct routine training this afternoon. || SIGNAL:QlJBVk8tMDc=,1
The daily report has been updated.,0
Update: The daily report has been updated.,0
THE SUPPLIES ARE EXPECTED TO ARRIVE TOMORROW.,0
The unit will conduct routine training this afternoon. || SIGNAL:QlJBVk8tMDc=,1
The report will be submitted before the deadline. || SIGNAL:QlJBVk8tMDc=,1
The training session begins after lunch. || SIGNAL:QUxQSEEtMDE=,1
The daily report has been updated.,0
The supplies are expected to arrive tomorrow. || SIGNAL:QUxQSEEtMDE=,1
The vehicles are ready for inspection. || SIGNAL:U1RBVFVTLUdSRUVO,1
The vehicle maintenance is scheduled for Monday. Thank you.,0
The daily report has been updated. || SIGNAL:Tk9ERS0xNw==,1
The maintenance team completed the inspection. || SIGNAL:Uk9VVEUtMDg=,1
The report will be submitted before the deadline. || SIGNAL:REVMVEEtMjE=,1
The daily report has been updated. || SIGNAL:REVMVEEtMjE=,1
THE EQUIPMENT INSPECTION WILL BEGIN AT NINE.,0
Update: The team will meet at the training center tomorrow.,0
the meeting has been moved to the main office.,0
The team completed the assigned task. || SIGNAL:VEFTSy0wOQ==,1
The vehicles are ready for inspection. || SIGNAL:U1RBVFVTLUdSRUVO,1
The supplies are expected to arrive tomorrow. || SIGNAL:QlJBVk8tMDc=,1
The maintenance team completed the inspection. || SIGNAL:Q0hFQ0tQT0lOVC0wMw==,1
The personnel briefing starts at eight. Please confirm.,0
The equipment has been moved to storage. || SIGNAL:Q0hFQ0tQT0lOVC0wMw==,1
The unit will conduct routine training this afternoon. Please confirm.,0
The maintenance team completed the inspection. || SIGNAL:Uk9VVEUtMDg=,1
The supplies are expected to arrive tomorrow. Thank you.,0
the team will meet at the training center tomorrow.,0
The meeting has been moved to the main office. || SIGNAL:Q0hFQ0tQT0lOVC0wMw==,1
The exercise will continue according to the schedule. || SIGNAL:Tk9ERS0xNw==,1
The personnel briefing starts at eight. || SIGNAL:U1RBVFVTLUdSRUVO,1
The vehicle maintenance is scheduled for Monday. || SIGNAL:TUlTU0lPTi0xMg==,1
The equipment inspection will begin at nine. || SIGNAL:Q0hFQ0tQT0lOVC0wMw==,1
The team will meet at the training center tomorrow. || SIGNAL:REVMVEEtMjE=,1
The equipment inspection will begin at nine. || SIGNAL:QUxQSEEtMDE=,1
The team completed the assigned task. || SIGNAL:Tk9ERS0xNw==,1
The vehicle maintenance is scheduled for Monday. || SIGNAL:REVMVEEtMjE=,1
The communication network is operating normally. || SIGNAL:QUxQSEEtMDE=,1
The vehicle maintenance is scheduled for Monday. || SIGNAL:Q0hFQ0tQT0lOVC0wMw==,1
the equipment has been moved to storage.,0
The supplies are expected to arrive tomorrow. || SIGNAL:Tk9ERS0xNw==,1
The communication network is operating normally. || SIGNAL:U1RBVFVTLVJFRA==,1
The equipment has been moved to storage.,0
The communication network is operating normally.,0
The training session begins after lunch. || SIGNAL:Uk9VVEUtMDg=,1
the weather is expected to remain clear today.,0
The equipment inspection will begin at nine. || SIGNAL:Q0hFQ0tQT0lOVC0wMw==,1
Update: The weather is expected to remain clear today.,0
the meeting has been moved to the main office.,0
The weather is expected to remain clear today. || SIGNAL:TUlTU0lPTi0xMg==,1
The team should arrive at the location before sunset. || SIGNAL:VEFTSy0wOQ==,1
The exercise will continue according to the schedule. || SIGNAL:Q0hFQ0tQT0lOVC0wMw==,1
THE VEHICLES ARE READY FOR INSPECTION.,0
The daily report has been updated. || SIGNAL:U1RBVFVTLVJFRA==,1
The team will meet at the training center tomorrow.,0
The communication network is operating normally. || SIGNAL:Q0hFQ0tQT0lOVC0wMw==,1
The personnel briefing starts at eight. || SIGNAL:U1RBVFVTLUdSRUVO,1
Update: The team will meet at the training center tomorrow.,0
The vehicles are ready for inspection. Please confirm.,0
The meeting has been moved to the main office. || SIGNAL:Uk9VVEUtMDg=,1
The equipment inspection will begin at nine. || SIGNAL:REVMVEEtMjE=,1
The personnel briefing starts at eight. || SIGNAL:REVMVEEtMjE=,1
the communication network is operating normally.,0
The vehicles are ready for inspection.,0
The vehicles are ready for inspection. || SIGNAL:QUxQSEEtMDE=,1
The supplies are expected to arrive tomorrow. || SIGNAL:VEFTSy0wOQ==,1
The supplies are expected to arrive tomorrow.,0
the report will be submitted before the deadline.,0
The scheduled activity will continue tomorrow. Thank you.,0
The vehicle maintenance is scheduled for Monday. || SIGNAL:Uk9VVEUtMDg=,1
the report will be submitted before the deadline.,0
the logistics report has been submitted.,0
The equipment has been moved to storage.,0
The equipment inspection will begin at nine. Thank you.,0
The equipment has been moved to storage. || SIGNAL:VEFTSy0wOQ==,1
The team completed the assigned task. || SIGNAL:U1RBVFVTLVJFRA==,1
THE TEAM WILL MEET AT THE TRAINING CENTER TOMORROW.,0
The equipment inspection will begin at nine. || SIGNAL:TUlTU0lPTi0xMg==,1
The team should arrive at the location before sunset. Thank you.,0
the scheduled activity will continue tomorrow.,0
The vehicle maintenance is scheduled for Monday. || SIGNAL:REVMVEEtMjE=,1
the weather is expected to remain clear today.,0
The scheduled activity will continue tomorrow. Please confirm.,0
Update: The team completed the assigned task.,0
The supplies are expected to arrive tomorrow.,0
The daily report has been updated. || SIGNAL:Q0hFQ0tQT0lOVC0wMw==,1
The unit will conduct routine training this afternoon. || SIGNAL:Uk9VVEUtMDg=,1
The maintenance team completed the inspection. || SIGNAL:QlJBVk8tMDc=,1
THE LOGISTICS REPORT HAS BEEN SUBMITTED.,0
The unit will conduct routine training this afternoon. || SIGNAL:Q0hFQ0tQT0lOVC0wMw==,1
The scheduled activity will continue tomorrow. || SIGNAL:QlJBVk8tMDc=,1
The team will meet at the training center tomorrow.,0
The meeting has been moved to the main office. || SIGNAL:QUxQSEEtMDE=,1
the equipment has been moved to storage.,0
The supplies are expected to arrive tomorrow. || SIGNAL:QlJBVk8tMDc=,1
The exercise will continue according to the schedule. || SIGNAL:U1RBVFVTLUdSRUVO,1
the training session begins after lunch.,0
the team will meet at the training center tomorrow.,0
The daily report has been updated. || SIGNAL:U1RBVFVTLUdSRUVO,1
The vehicles are ready for inspection. Thank you.,0
The equipment has been moved to storage.,0
The communication network is operating normally. || SIGNAL:TUlTU0lPTi0xMg==,1
The unit will conduct routine training this afternoon. || SIGNAL:QlJBVk8tMDc=,1
The team will meet at the training center tomorrow. || SIGNAL:VEFTSy0wOQ==,1
The team should arrive at the location before sunset. || SIGNAL:TUlTU0lPTi0xMg==,1
Update: The vehicles are ready for inspection.,0
The meeting has been moved to the main office. || SIGNAL:REVMVEEtMjE=,1
The vehicles are ready for inspection. || SIGNAL:TUlTU0lPTi0xMg==,1
The scheduled activity will continue tomorrow. Please confirm.,0
The personnel briefing starts at eight. || SIGNAL:U1RBVFVTLVJFRA==,1
The supplies are expected to arrive tomorrow. || SIGNAL:Uk9VVEUtMDg=,1
Update: The team completed the assigned task.,0
The weather is expected to remain clear today. || SIGNAL:Q0hFQ0tQT0lOVC0wMw==,1
The scheduled activity will continue tomorrow.,0
The equipment inspection will begin at nine. || SIGNAL:REVMVEEtMjE=,1
The equipment inspection will begin at nine. Please confirm.,0
The personnel briefing starts at eight. || SIGNAL:QUxQSEEtMDE=,1
Update: The personnel briefing starts at eight.,0
The communication network is operating normally. || SIGNAL:QlJBVk8tMDc=,1
The personnel briefing starts at eight. || SIGNAL:TUlTU0lPTi0xMg==,1
THE REPORT WILL BE SUBMITTED BEFORE THE DEADLINE.,0
The team should arrive at the location before sunset. || SIGNAL:U1RBVFVTLUdSRUVO,1
The report will be submitted before the deadline. Thank you.,0
The training session begins after lunch. || SIGNAL:Tk9ERS0xNw==,1
Update: The maintenance team completed the inspection.,0
The scheduled activity will continue tomorrow. || SIGNAL:QUxQSEEtMDE=,1
The team will meet at the training center tomorrow. || SIGNAL:U1RBVFVTLUdSRUVO,1
The team completed the assigned task. || SIGNAL:QUxQSEEtMDE=,1
The scheduled activity will continue tomorrow. || SIGNAL:QlJBVk8tMDc=,1
The team will meet at the training center tomorrow.,0
the daily report has been updated.,0
The exercise will continue according to the schedule.,0
The logistics report has been submitted. || SIGNAL:Uk9VVEUtMDg=,1
The daily report has been updated. || SIGNAL:REVMVEEtMjE=,1
The equipment inspection will begin at nine. || SIGNAL:Uk9VVEUtMDg=,1
The meeting has been moved to the main office.,0
The supplies are expected to arrive tomorrow. || SIGNAL:QUxQSEEtMDE=,1
THE VEHICLE MAINTENANCE IS SCHEDULED FOR MONDAY.,0
The scheduled activity will continue tomorrow. Thank you.,0
The equipment has been moved to storage. Thank you.,0
Update: The daily report has been updated.,0
The supplies are expected to arrive tomorrow. || SIGNAL:VEFTSy0wOQ==,1
The scheduled activity will continue tomorrow. || SIGNAL:VEFTSy0wOQ==,1
The team completed the assigned task. || SIGNAL:REVMVEEtMjE=,1
The training session begins after lunch. || SIGNAL:VEFTSy0wOQ==,1
The team should arrive at the location before sunset. Please confirm.,0
The supplies are expected to arrive tomorrow. || SIGNAL:TUlTU0lPTi0xMg==,1
Update: The weather is expected to remain clear today.,0
The weather is expected to remain clear today.,0
The equipment inspection will begin at nine. || SIGNAL:Q0hFQ0tQT0lOVC0wMw==,1
The scheduled activity will continue tomorrow. || SIGNAL:Uk9VVEUtMDg=,1
The daily report has been updated. || SIGNAL:Tk9ERS0xNw==,1
The meeting has been moved to the main office. Thank you.,0
The team will meet at the training center tomorrow. || SIGNAL:REVMVEEtMjE=,1
The team should arrive at the location before sunset.,0
The daily report has been updated. || SIGNAL:U1RBVFVTLUdSRUVO,1
The vehicles are ready for inspection. Please confirm.,0
The equipment has been moved to storage. || SIGNAL:U1RBVFVTLUdSRUVO,1
the equipment has been moved to storage.,0
the equipment has been moved to storage.,0
The team will meet at the training center tomorrow. || SIGNAL:QlJBVk8tMDc=,1
The equipment inspection will begin at nine.,0
The report will be submitted before the deadline. || SIGNAL:QUxQSEEtMDE=,1
Update: The weather is expected to remain clear today.,0
The team will meet at the training center tomorrow. || SIGNAL:Tk9ERS0xNw==,1
The personnel briefing starts at eight. || SIGNAL:Uk9VVEUtMDg=,1
The supplies are expected to arrive tomorrow.,0
THE TRAINING SESSION BEGINS AFTER LUNCH.,0
The training session begins after lunch. || SIGNAL:TUlTU0lPTi0xMg==,1
The personnel briefing starts at eight. || SIGNAL:Q0hFQ0tQT0lOVC0wMw==,1
The weather is expected to remain clear today. || SIGNAL:Tk9ERS0xNw==,1
THE SCHEDULED ACTIVITY WILL CONTINUE TOMORROW.,0
Update: The unit will conduct routine training this afternoon.,0
THE COMMUNICATION NETWORK IS OPERATING NORMALLY.,0
The logistics report has been submitted. Thank you.,0
Update: The team should arrive at the location before sunset.,0
The equipment has been moved to storage. || SIGNAL:VEFTSy0wOQ==,1
The training session begins after lunch. Thank you.,0
THE VEHICLE MAINTENANCE IS SCHEDULED FOR MONDAY.,0
The scheduled activity will continue tomorrow. Please confirm.,0
THE REPORT WILL BE SUBMITTED BEFORE THE DEADLINE.,0
The unit will conduct routine training this afternoon.,0
The equipment has been moved to storage. || SIGNAL:Uk9VVEUtMDg=,1
The vehicle maintenance is scheduled for Monday. Thank you.,0
The supplies are expected to arrive tomorrow. || SIGNAL:U1RBVFVTLUdSRUVO,1
THE EQUIPMENT INSPECTION WILL BEGIN AT NINE.,0
The meeting has been moved to the main office. Thank you.,0
THE VEHICLE MAINTENANCE IS SCHEDULED FOR MONDAY.,0
the daily report has been updated.,0
The daily report has been updated. || SIGNAL:Uk9VVEUtMDg=,1
The equipment inspection will begin at nine. || SIGNAL:Uk9VVEUtMDg=,1
The weather is expected to remain clear today. Please confirm.,0
THE SUPPLIES ARE EXPECTED TO ARRIVE TOMORROW.,0
The meeting has been moved to the main office. || SIGNAL:QlJBVk8tMDc=,1
The team should arrive at the location before sunset. || SIGNAL:QUxQSEEtMDE=,1
The daily report has been updated. || SIGNAL:TUlTU0lPTi0xMg==,1
The weather is expected to remain clear today. || SIGNAL:QUxQSEEtMDE=,1
The personnel briefing starts at eight. || SIGNAL:U1RBVFVTLUdSRUVO,1
The exercise will continue according to the schedule. || SIGNAL:U1RBVFVTLVJFRA==,1
The daily report has been updated. || SIGNAL:TUlTU0lPTi0xMg==,1
The supplies are expected to arrive tomorrow. || SIGNAL:VEFTSy0wOQ==,1
The report will be submitted before the deadline. || SIGNAL:U1RBVFVTLVJFRA==,1
the team completed the assigned task.,0
The equipment has been moved to storage. Thank you.,0
The weather is expected to remain clear today. || SIGNAL:VEFTSy0wOQ==,1
The unit will conduct routine training this afternoon. || SIGNAL:TUlTU0lPTi0xMg==,1
The communication network is operating normally. || SIGNAL:TUlTU0lPTi0xMg==,1
Update: The vehicle maintenance is scheduled for Monday.,0
The equipment inspection will begin at nine. || SIGNAL:VEFTSy0wOQ==,1
The meeting has been moved to the main office. Thank you.,0
The equipment has been moved to storage. || SIGNAL:REVMVEEtMjE=,1
The team will meet at the training center tomorrow. || SIGNAL:U1RBVFVTLUdSRUVO,1
The logistics report has been submitted. || SIGNAL:REVMVEEtMjE=,1
Update: The personnel briefing starts at eight.,0
The equipment has been moved to storage. || SIGNAL:Q0hFQ0tQT0lOVC0wMw==,1
The exercise will continue according to the schedule. || SIGNAL:QUxQSEEtMDE=,1
The exercise will continue according to the schedule. || SIGNAL:VEFTSy0wOQ==,1
the unit will conduct routine training this afternoon.,0
the team completed the assigned task.,0
the vehicles are ready for inspection.,0
The team will meet at the training center tomorrow. || SIGNAL:U1RBVFVTLVJFRA==,1
The meeting has been moved to the main office. Please confirm.,0
The personnel briefing starts at eight. || SIGNAL:TUlTU0lPTi0xMg==,1
The equipment has been moved to storage. || SIGNAL:Q0hFQ0tQT0lOVC0wMw==,1
The vehicle maintenance is scheduled for Monday. || SIGNAL:U1RBVFVTLUdSRUVO,1
The supplies are expected to arrive tomorrow. Please confirm.,0
The team should arrive at the location before sunset. || SIGNAL:QUxQSEEtMDE=,1
The unit will conduct routine training this afternoon. || SIGNAL:REVMVEEtMjE=,1
The maintenance team completed the inspection. || SIGNAL:U1RBVFVTLUdSRUVO,1
the report will be submitted before the deadline.,0
The logistics report has been submitted. || SIGNAL:QlJBVk8tMDc=,1
The vehicles are ready for inspection. || SIGNAL:Uk9VVEUtMDg=,1
The vehicles are ready for inspection. Thank you.,0
The exercise will continue according to the schedule. || SIGNAL:QUxQSEEtMDE=,1
the logistics report has been submitted.,0
The personnel briefing starts at eight. || SIGNAL:Uk9VVEUtMDg=,1
The unit will conduct routine training this afternoon. || SIGNAL:TUlTU0lPTi0xMg==,1
THE WEATHER IS EXPECTED TO REMAIN CLEAR TODAY.,0
The team should arrive at the location before sunset. || SIGNAL:U1RBVFVTLUdSRUVO,1
The scheduled activity will continue tomorrow. || SIGNAL:Q0hFQ0tQT0lOVC0wMw==,1
The team will meet at the training center tomorrow. Please confirm.,0
The weather is expected to remain clear today. Thank you.,0
Update: The unit will conduct routine training this afternoon.,0
The team should arrive at the location before sunset. || SIGNAL:QUxQSEEtMDE=,1
the equipment has been moved to storage.,0
The personnel briefing starts at eight. || SIGNAL:VEFTSy0wOQ==,1
The team completed the assigned task. || SIGNAL:Uk9VVEUtMDg=,1
The vehicles are ready for inspection. || SIGNAL:TUlTU0lPTi0xMg==,1
the scheduled activity will continue tomorrow.,0
The unit will conduct routine training this afternoon.,0
The report will be submitted before the deadline. Thank you.,0
The daily report has been updated. || SIGNAL:U1RBVFVTLVJFRA==,1
the team will meet at the training center tomorrow.,0
The vehicle maintenance is scheduled for Monday. || SIGNAL:U1RBVFVTLVJFRA==,1
THE TRAINING SESSION BEGINS AFTER LUNCH.,0
Update: The unit will conduct routine training this afternoon.,0
The personnel briefing starts at eight.,0
The personnel briefing starts at eight. || SIGNAL:Q0hFQ0tQT0lOVC0wMw==,1
The unit will conduct routine training this afternoon. || SIGNAL:QlJBVk8tMDc=,1
The vehicles are ready for inspection. || SIGNAL:Q0hFQ0tQT0lOVC0wMw==,1
The unit will conduct routine training this afternoon. || SIGNAL:VEFTSy0wOQ==,1
The vehicle maintenance is scheduled for Monday. || SIGNAL:REVMVEEtMjE=,1
The weather is expected to remain clear today. Please confirm.,0
The logistics report has been submitted. || SIGNAL:U1RBVFVTLVJFRA==,1
The logistics report has been submitted. || SIGNAL:VEFTSy0wOQ==,1
The scheduled activity will continue tomorrow. Thank you.,0
The unit will conduct routine training this afternoon. Thank you.,0
the maintenance team completed the inspection.,0
Update: The supplies are expected to arrive tomorrow.,0
The logistics report has been submitted. || SIGNAL:Q0hFQ0tQT0lOVC0wMw==,1
The supplies are expected to arrive tomorrow. || SIGNAL:REVMVEEtMjE=,1
The logistics report has been submitted. Thank you.,0
The equipment has been moved to storage. || SIGNAL:Q0hFQ0tQT0lOVC0wMw==,1
the report will be submitted before the deadline.,0
The weather is expected to remain clear today. || SIGNAL:TUlTU0lPTi0xMg==,1
The supplies are expected to arrive tomorrow. || SIGNAL:Q0hFQ0tQT0lOVC0wMw==,1
The team completed the assigned task. || SIGNAL:TUlTU0lPTi0xMg==,1
The personnel briefing starts at eight. || SIGNAL:Tk9ERS0xNw==,1
The report will be submitted before the deadline. Thank you.,0
Update: The daily report has been updated.,0
The vehicle maintenance is scheduled for Monday. || SIGNAL:REVMVEEtMjE=,1
THE MEETING HAS BEEN MOVED TO THE MAIN OFFICE.,0
The supplies are expected to arrive tomorrow. Please confirm.,0
The daily report has been updated. || SIGNAL:REVMVEEtMjE=,1
THE MAINTENANCE TEAM COMPLETED THE INSPECTION.,0
The equipment inspection will begin at nine. || SIGNAL:QlJBVk8tMDc=,1
The equipment inspection will begin at nine. || SIGNAL:Uk9VVEUtMDg=,1
The report will be submitted before the deadline. || SIGNAL:U1RBVFVTLUdSRUVO,1
The scheduled activity will continue tomorrow. || SIGNAL:REVMVEEtMjE=,1
The communication network is operating normally. || SIGNAL:TUlTU0lPTi0xMg==,1
The unit will conduct routine training this afternoon. Thank you.,0
the personnel briefing starts at eight.,0
Update: The vehicle maintenance is scheduled for Monday.,0
the weather is expected to remain clear today.,0
The unit will conduct routine training this afternoon. || SIGNAL:QUxQSEEtMDE=,1
The unit will conduct routine training this afternoon. || SIGNAL:QUxQSEEtMDE=,1
The team will meet at the training center tomorrow. Thank you.,0
The vehicle maintenance is scheduled for Monday. || SIGNAL:REVMVEEtMjE=,1
Update: The personnel briefing starts at eight.,0
The meeting has been moved to the main office. || SIGNAL:QUxQSEEtMDE=,1
THE TEAM WILL MEET AT THE TRAINING CENTER TOMORROW.,0
The vehicle maintenance is scheduled for Monday.,0
The supplies are expected to arrive tomorrow. Please confirm.,0
The meeting has been moved to the main office. || SIGNAL:Uk9VVEUtMDg=,1
The team completed the assigned task. Please confirm.,0
The personnel briefing starts at eight. || SIGNAL:Q0hFQ0tQT0lOVC0wMw==,1
The communication network is operating normally. || SIGNAL:TUlTU0lPTi0xMg==,1
Update: The weather is expected to remain clear today.,0
The unit will conduct routine training this afternoon. || SIGNAL:U1RBVFVTLVJFRA==,1
The team will meet at the training center tomorrow. || SIGNAL:VEFTSy0wOQ==,1
The meeting has been moved to the main office. Please confirm.,0
The team completed the assigned task. || SIGNAL:REVMVEEtMjE=,1
The vehicle maintenance is scheduled for Monday. || SIGNAL:VEFTSy0wOQ==,1
The report will be submitted before the deadline. Thank you.,0
The logistics report has been submitted. || SIGNAL:QlJBVk8tMDc=,1
THE MEETING HAS BEEN MOVED TO THE MAIN OFFICE.,0
the equipment inspection will begin at nine.,0
The weather is expected to remain clear today. || SIGNAL:U1RBVFVTLUdSRUVO,1
The maintenance team completed the inspection. || SIGNAL:U1RBVFVTLUdSRUVO,1
THE VEHICLE MAINTENANCE IS SCHEDULED FOR MONDAY.,0
The equipment inspection will begin at nine. || SIGNAL:QUxQSEEtMDE=,1
Update: The supplies are expected to arrive tomorrow.,0
The daily report has been updated. || SIGNAL:U1RBVFVTLUdSRUVO,1
The maintenance team completed the inspection. Thank you.,0
The unit will conduct routine training this afternoon. || SIGNAL:REVMVEEtMjE=,1
The vehicle maintenance is scheduled for Monday. || SIGNAL:Tk9ERS0xNw==,1
THE TEAM COMPLETED THE ASSIGNED TASK.,0
The scheduled activity will continue tomorrow. || SIGNAL:Tk9ERS0xNw==,1
The unit will conduct routine training this afternoon. || SIGNAL:U1RBVFVTLVJFRA==,1
The equipment has been moved to storage. || SIGNAL:TUlTU0lPTi0xMg==,1
the personnel briefing starts at eight.,0
The supplies are expected to arrive tomorrow. || SIGNAL:Uk9VVEUtMDg=,1
the team completed the assigned task.,0
Update: The communication network is operating normally.,0
The meeting has been moved to the main office. || SIGNAL:TUlTU0lPTi0xMg==,1
the team will meet at the training center tomorrow.,0
Update: The team completed the assigned task.,0
THE UNIT WILL CONDUCT ROUTINE TRAINING THIS AFTERNOON.,0
The exercise will continue according to the schedule. || SIGNAL:REVMVEEtMjE=,1
The report will be submitted before the deadline. Thank you.,0
The personnel briefing starts at eight.,0
The training session begins after lunch. Thank you.,0
The equipment inspection will begin at nine. || SIGNAL:U1RBVFVTLVJFRA==,1
The communication network is operating normally. || SIGNAL:Uk9VVEUtMDg=,1
The unit will conduct routine training this afternoon. || SIGNAL:QlJBVk8tMDc=,1
the vehicles are ready for inspection.,0
The report will be submitted before the deadline. Thank you.,0
Update: The personnel briefing starts at eight.,0
The scheduled activity will continue tomorrow. || SIGNAL:Q0hFQ0tQT0lOVC0wMw==,1
The maintenance team completed the inspection. || SIGNAL:Uk9VVEUtMDg=,1
The communication network is operating normally. Thank you.,0
The equipment inspection will begin at nine. || SIGNAL:QlJBVk8tMDc=,1
The communication network is operating normally.,0
THE UNIT WILL CONDUCT ROUTINE TRAINING THIS AFTERNOON.,0
The unit will conduct routine training this afternoon. || SIGNAL:QlJBVk8tMDc=,1
The team completed the assigned task. || SIGNAL:QlJBVk8tMDc=,1
THE VEHICLE MAINTENANCE IS SCHEDULED FOR MONDAY.,0
The training session begins after lunch. || SIGNAL:Q0hFQ0tQT0lOVC0wMw==,1
The weather is expected to remain clear today. Please confirm.,0
The unit will conduct routine training this afternoon.,0
The team will meet at the training center tomorrow. || SIGNAL:QUxQSEEtMDE=,1
The daily report has been updated. || SIGNAL:QlJBVk8tMDc=,1
The supplies are expected to arrive tomorrow. || SIGNAL:Q0hFQ0tQT0lOVC0wMw==,1
The supplies are expected to arrive tomorrow. Thank you.,0
The team completed the assigned task. || SIGNAL:Tk9ERS0xNw==,1
The team will meet at the training center tomorrow. || SIGNAL:Uk9VVEUtMDg=,1
The meeting has been moved to the main office. || SIGNAL:Uk9VVEUtMDg=,1
the vehicles are ready for inspection.,0
The communication network is operating normally. || SIGNAL:QlJBVk8tMDc=,1
The meeting has been moved to the main office. Please confirm.,0
THE EQUIPMENT INSPECTION WILL BEGIN AT NINE.,0
The logistics report has been submitted. || SIGNAL:QUxQSEEtMDE=,1
The scheduled activity will continue tomorrow. || SIGNAL:Q0hFQ0tQT0lOVC0wMw==,1
The team should arrive at the location before sunset. || SIGNAL:QUxQSEEtMDE=,1
The unit will conduct routine training this afternoon. || SIGNAL:Q0hFQ0tQT0lOVC0wMw==,1
The communication network is operating normally.,0
The team should arrive at the location before sunset. || SIGNAL:QlJBVk8tMDc=,1
The logistics report has been submitted. || SIGNAL:U1RBVFVTLVJFRA==,1
The equipment inspection will begin at nine. || SIGNAL:U1RBVFVTLVJFRA==,1
The scheduled activity will continue tomorrow.,0
the equipment inspection will begin at nine.,0
The maintenance team completed the inspection. Please confirm.,0
The personnel briefing starts at eight. || SIGNAL:U1RBVFVTLUdSRUVO,1
The equipment inspection will begin at nine. || SIGNAL:TUlTU0lPTi0xMg==,1
The report will be submitted before the deadline. || SIGNAL:U1RBVFVTLVJFRA==,1
The team will meet at the training center tomorrow. || SIGNAL:U1RBVFVTLVJFRA==,1
The scheduled activity will continue tomorrow. Please confirm.,0
Update: The team should arrive at the location before sunset.,0
The team should arrive at the location before sunset. || SIGNAL:Tk9ERS0xNw==,1
the report will be submitted before the deadline.,0
The vehicles are ready for inspection. || SIGNAL:QlJBVk8tMDc=,1
The unit will conduct routine training this afternoon. || SIGNAL:Tk9ERS0xNw==,1
The unit will conduct routine training this afternoon. || SIGNAL:U1RBVFVTLUdSRUVO,1
Update: The team completed the assigned task.,0
THE UNIT WILL CONDUCT ROUTINE TRAINING THIS AFTERNOON.,0
The team should arrive at the location before sunset. || SIGNAL:Tk9ERS0xNw==,1
The meeting has been moved to the main office. Please confirm.,0
The weather is expected to remain clear today. || SIGNAL:VEFTSy0wOQ==,1
THE WEATHER IS EXPECTED TO REMAIN CLEAR TODAY.,0
The vehicle maintenance is scheduled for Monday. || SIGNAL:QUxQSEEtMDE=,1
The training session begins after lunch. || SIGNAL:Q0hFQ0tQT0lOVC0wMw==,1
the team completed the assigned task.,0
The exercise will continue according to the schedule. || SIGNAL:VEFTSy0wOQ==,1
THE SUPPLIES ARE EXPECTED TO ARRIVE TOMORROW.,0
The supplies are expected to arrive tomorrow. || SIGNAL:TUlTU0lPTi0xMg==,1
The vehicle maintenance is scheduled for Monday. Thank you.,0
The unit will conduct routine training this afternoon. || SIGNAL:REVMVEEtMjE=,1
THE EXERCISE WILL CONTINUE ACCORDING TO THE SCHEDULE.,0
the vehicle maintenance is scheduled for monday.,0
The equipment has been moved to storage. || SIGNAL:QlJBVk8tMDc=,1
The team will meet at the training center tomorrow. || SIGNAL:QUxQSEEtMDE=,1
The logistics report has been submitted. || SIGNAL:U1RBVFVTLVJFRA==,1
The scheduled activity will continue tomorrow. || SIGNAL:Q0hFQ0tQT0lOVC0wMw==,1
The maintenance team completed the inspection.,0
The unit will conduct routine training this afternoon. || SIGNAL:U1RBVFVTLVJFRA==,1
The training session begins after lunch. || SIGNAL:QUxQSEEtMDE=,1
THE SCHEDULED ACTIVITY WILL CONTINUE TOMORROW.,0
The unit will conduct routine training this afternoon. Please confirm.,0
The logistics report has been submitted. || SIGNAL:QUxQSEEtMDE=,1
The report will be submitted before the deadline. || SIGNAL:VEFTSy0wOQ==,1
The meeting has been moved to the main office. || SIGNAL:REVMVEEtMjE=,1
The team should arrive at the location before sunset. || SIGNAL:QUxQSEEtMDE=,1
The scheduled activity will continue tomorrow. || SIGNAL:VEFTSy0wOQ==,1
The daily report has been updated.,0
The report will be submitted before the deadline. || SIGNAL:Tk9ERS0xNw==,1
The personnel briefing starts at eight. || SIGNAL:VEFTSy0wOQ==,1
The report will be submitted before the deadline. Please confirm.,0
the vehicles are ready for inspection.,0
The unit will conduct routine training this afternoon. || SIGNAL:U1RBVFVTLUdSRUVO,1
the maintenance team completed the inspection.,0
The scheduled activity will continue tomorrow. || SIGNAL:REVMVEEtMjE=,1
The equipment has been moved to storage.,0
The equipment inspection will begin at nine. || SIGNAL:QlJBVk8tMDc=,1
The scheduled activity will continue tomorrow. || SIGNAL:U1RBVFVTLVJFRA==,1
The unit will conduct routine training this afternoon. || SIGNAL:TUlTU0lPTi0xMg==,1
The vehicles are ready for inspection. || SIGNAL:TUlTU0lPTi0xMg==,1
The equipment inspection will begin at nine. || SIGNAL:QUxQSEEtMDE=,1
The unit will conduct routine training this afternoon.,0
The report will be submitted before the deadline. || SIGNAL:VEFTSy0wOQ==,1
The weather is expected to remain clear today. || SIGNAL:Q0hFQ0tQT0lOVC0wMw==,1
THE UNIT WILL CONDUCT ROUTINE TRAINING THIS AFTERNOON.,0
The team will meet at the training center tomorrow. || SIGNAL:Uk9VVEUtMDg=,1
The communication network is operating normally. Please confirm.,0
the team should arrive at the location before sunset.,0
The report will be submitted before the deadline.,0
The meeting has been moved to the main office.,0
The vehicles are ready for inspection. Thank you.,0
The unit will conduct routine training this afternoon. || SIGNAL:VEFTSy0wOQ==,1
The equipment has been moved to storage. Please confirm.,0
The report will be submitted before the deadline. Please confirm.,0
THE PERSONNEL BRIEFING STARTS AT EIGHT.,0
The weather is expected to remain clear today.,0
the exercise will continue according to the schedule.,0
The maintenance team completed the inspection. || SIGNAL:REVMVEEtMjE=,1
Update: The scheduled activity will continue tomorrow.,0
The logistics report has been submitted. || SIGNAL:Uk9VVEUtMDg=,1
The report will be submitted before the deadline. || SIGNAL:VEFTSy0wOQ==,1
The team should arrive at the location before sunset. || SIGNAL:Uk9VVEUtMDg=,1
The team should arrive at the location before sunset. || SIGNAL:Q0hFQ0tQT0lOVC0wMw==,1
THE VEHICLE MAINTENANCE IS SCHEDULED FOR MONDAY.,0
The equipment has been moved to storage. || SIGNAL:TUlTU0lPTi0xMg==,1
The team completed the assigned task. Please confirm.,0
The vehicle maintenance is scheduled for Monday. || SIGNAL:U1RBVFVTLUdSRUVO,1
The personnel briefing starts at eight. || SIGNAL:Uk9VVEUtMDg=,1
The unit will conduct routine training this afternoon. Thank you.,0
The logistics report has been submitted. Please confirm.,0
The supplies are expected to arrive tomorrow. || SIGNAL:Q0hFQ0tQT0lOVC0wMw==,1
the communication network is operating normally.,0
The equipment has been moved to storage.,0
THE WEATHER IS EXPECTED TO REMAIN CLEAR TODAY.,0
THE TEAM SHOULD ARRIVE AT THE LOCATION BEFORE SUNSET.,0
The weather is expected to remain clear today. Please confirm.,0
the daily report has been updated.,0
The unit will conduct routine training this afternoon. || SIGNAL:REVMVEEtMjE=,1
The scheduled activity will continue tomorrow. Thank you.,0
The equipment inspection will begin at nine. || SIGNAL:TUlTU0lPTi0xMg==,1
The team completed the assigned task. || SIGNAL:Uk9VVEUtMDg=,1
The team completed the assigned task. || SIGNAL:REVMVEEtMjE=,1
The maintenance team completed the inspection. || SIGNAL:U1RBVFVTLVJFRA==,1
The meeting has been moved to the main office. || SIGNAL:Tk9ERS0xNw==,1
The supplies are expected to arrive tomorrow. || SIGNAL:REVMVEEtMjE=,1
The communication network is operating normally.,0
The team will meet at the training center tomorrow. || SIGNAL:Tk9ERS0xNw==,1
The training session begins after lunch. || SIGNAL:Q0hFQ0tQT0lOVC0wMw==,1
The unit will conduct routine training this afternoon. || SIGNAL:Tk9ERS0xNw==,1
the daily report has been updated.,0
Update: The maintenance team completed the inspection.,0
The communication network is operating normally. Thank you.,0
The team completed the assigned task. Thank you.,0
The personnel briefing starts at eight.,0
The communication network is operating normally. || SIGNAL:U1RBVFVTLUdSRUVO,1
The vehicle maintenance is scheduled for Monday. Please confirm.,0
The scheduled activity will continue tomorrow. || SIGNAL:REVMVEEtMjE=,1
The meeting has been moved to the main office. || SIGNAL:Q0hFQ0tQT0lOVC0wMw==,1
The equipment has been moved to storage. Please confirm.,0
The maintenance team completed the inspection. Thank you.,0
The vehicles are ready for inspection. Please confirm.,0
The exercise will continue according to the schedule. || SIGNAL:TUlTU0lPTi0xMg==,1
The training session begins after lunch. || SIGNAL:U1RBVFVTLUdSRUVO,1
the report will be submitted before the deadline.,0
The team completed the assigned task. Thank you.,0
The maintenance team completed the inspection. || SIGNAL:VEFTSy0wOQ==,1
The scheduled activity will continue tomorrow. Please confirm.,0
The unit will conduct routine training this afternoon.,0
The unit will conduct routine training this afternoon. || SIGNAL:Tk9ERS0xNw==,1
The supplies are expected to arrive tomorrow. || SIGNAL:U1RBVFVTLVJFRA==,1
The team completed the assigned task. || SIGNAL:QlJBVk8tMDc=,1
The vehicle maintenance is scheduled for Monday.,0
The training session begins after lunch. Thank you.,0
The equipment has been moved to storage. || SIGNAL:TUlTU0lPTi0xMg==,1
The communication network is operating normally. || SIGNAL:QlJBVk8tMDc=,1
The report will be submitted before the deadline. || SIGNAL:VEFTSy0wOQ==,1
the weather is expected to remain clear today.,0
THE EXERCISE WILL CONTINUE ACCORDING TO THE SCHEDULE.,0
The maintenance team completed the inspection.,0
THE VEHICLES ARE READY FOR INSPECTION.,0
The team will meet at the training center tomorrow. Please confirm.,0
the vehicles are ready for inspection.,0
The report will be submitted before the deadline. Please confirm.,0
THE MEETING HAS BEEN MOVED TO THE MAIN OFFICE.,0
The personnel briefing starts at eight. || SIGNAL:QlJBVk8tMDc=,1
The equipment has been moved to storage. || SIGNAL:REVMVEEtMjE=,1
THE TRAINING SESSION BEGINS AFTER LUNCH.,0
The maintenance team completed the inspection. || SIGNAL:QUxQSEEtMDE=,1
The maintenance team completed the inspection. || SIGNAL:REVMVEEtMjE=,1
THE VEHICLE MAINTENANCE IS SCHEDULED FOR MONDAY.,0
THE PERSONNEL BRIEFING STARTS AT EIGHT.,0
The scheduled activity will continue tomorrow. || SIGNAL:U1RBVFVTLVJFRA==,1
The equipment has been moved to storage. || SIGNAL:Tk9ERS0xNw==,1
Update: The maintenance team completed the inspection.,0
The vehicles are ready for inspection. || SIGNAL:Tk9ERS0xNw==,1
The vehicles are ready for inspection. || SIGNAL:Tk9ERS0xNw==,1
The team should arrive at the location before sunset. Thank you.,0
The team will meet at the training center tomorrow.,0
The personnel briefing starts at eight. Thank you.,0
The team should arrive at the location before sunset. || SIGNAL:QUxQSEEtMDE=,1
The vehicle maintenance is scheduled for Monday. || SIGNAL:U1RBVFVTLUdSRUVO,1
The supplies are expected to arrive tomorrow. || SIGNAL:Tk9ERS0xNw==,1
Update: The team should arrive at the location before sunset.,0
The team completed the assigned task. || SIGNAL:U1RBVFVTLVJFRA==,1
The team should arrive at the location before sunset. Please confirm.,0
The meeting has been moved to the main office. || SIGNAL:U1RBVFVTLUdSRUVO,1
the team should arrive at the location before sunset.,0
The communication network is operating normally. || SIGNAL:Tk9ERS0xNw==,1
The weather is expected to remain clear today. || SIGNAL:U1RBVFVTLUdSRUVO,1
Update: The unit will conduct routine training this afternoon.,0
The unit will conduct routine training this afternoon. || SIGNAL:QlJBVk8tMDc=,1
The communication network is operating normally. || SIGNAL:Tk9ERS0xNw==,1
The team will meet at the training center tomorrow. || SIGNAL:TUlTU0lPTi0xMg==,1
The equipment inspection will begin at nine. || SIGNAL:VEFTSy0wOQ==,1
Update: The exercise will continue according to the schedule.,0
The supplies are expected to arrive tomorrow. || SIGNAL:TUlTU0lPTi0xMg==,1
The meeting has been moved to the main office. || SIGNAL:Tk9ERS0xNw==,1
The training session begins after lunch. Please confirm.,0
The meeting has been moved to the main office. Thank you.,0
the exercise will continue according to the schedule.,0
Update: The equipment inspection will begin at nine.,0
the meeting has been moved to the main office.,0
The exercise will continue according to the schedule. || SIGNAL:U1RBVFVTLUdSRUVO,1
The team should arrive at the location before sunset. || SIGNAL:QUxQSEEtMDE=,1
the team will meet at the training center tomorrow.,0
The unit will conduct routine training this afternoon. || SIGNAL:U1RBVFVTLUdSRUVO,1
The team should arrive at the location before sunset. || SIGNAL:REVMVEEtMjE=,1
The vehicle maintenance is scheduled for Monday. || SIGNAL:Q0hFQ0tQT0lOVC0wMw==,1
The maintenance team completed the inspection. Thank you.,0
The maintenance team completed the inspection. || SIGNAL:Tk9ERS0xNw==,1
The vehicle maintenance is scheduled for Monday. || SIGNAL:Tk9ERS0xNw==,1
THE COMMUNICATION NETWORK IS OPERATING NORMALLY.,0
The communication network is operating normally. || SIGNAL:TUlTU0lPTi0xMg==,1
The equipment has been moved to storage. || SIGNAL:QlJBVk8tMDc=,1
The supplies are expected to arrive tomorrow. || SIGNAL:REVMVEEtMjE=,1
The scheduled activity will continue tomorrow. || SIGNAL:U1RBVFVTLUdSRUVO,1
Update: The logistics report has been submitted.,0
The weather is expected to remain clear today. || SIGNAL:Uk9VVEUtMDg=,1
The training session begins after lunch.,0
The team completed the assigned task.,0
The team will meet at the training center tomorrow. || SIGNAL:Uk9VVEUtMDg=,1
The team will meet at the training center tomorrow. || SIGNAL:Uk9VVEUtMDg=,1
The daily report has been updated. || SIGNAL:Q0hFQ0tQT0lOVC0wMw==,1
The team will meet at the training center tomorrow. || SIGNAL:Uk9VVEUtMDg=,1
The meeting has been moved to the main office. || SIGNAL:U1RBVFVTLVJFRA==,1
The vehicle maintenance is scheduled for Monday. Please confirm.,0
The weather is expected to remain clear today. || SIGNAL:QlJBVk8tMDc=,1
The personnel briefing starts at eight. || SIGNAL:U1RBVFVTLUdSRUVO,1
The equipment inspection will begin at nine. Thank you.,0
The logistics report has been submitted. || SIGNAL:TUlTU0lPTi0xMg==,1
The vehicles are ready for inspection. || SIGNAL:VEFTSy0wOQ==,1
The vehicles are ready for inspection. || SIGNAL:QlJBVk8tMDc=,1
THE REPORT WILL BE SUBMITTED BEFORE THE DEADLINE.,0
The vehicles are ready for inspection. Thank you.,0
the report will be submitted before the deadline.,0
The vehicles are ready for inspection. || SIGNAL:Q0hFQ0tQT0lOVC0wMw==,1
The meeting has been moved to the main office. || SIGNAL:TUlTU0lPTi0xMg==,1
THE WEATHER IS EXPECTED TO REMAIN CLEAR TODAY.,0
The logistics report has been submitted. || SIGNAL:VEFTSy0wOQ==,1
THE REPORT WILL BE SUBMITTED BEFORE THE DEADLINE.,0
The logistics report has been submitted. Please confirm.,0
the team will meet at the training center tomorrow.,0
THE LOGISTICS REPORT HAS BEEN SUBMITTED.,0
The training session begins after lunch. || SIGNAL:Tk9ERS0xNw==,1
The personnel briefing starts at eight. || SIGNAL:Q0hFQ0tQT0lOVC0wMw==,1
the personnel briefing starts at eight.,0
THE TEAM COMPLETED THE ASSIGNED TASK.,0
The unit will conduct routine training this afternoon. Please confirm.,0
The daily report has been updated. || SIGNAL:U1RBVFVTLUdSRUVO,1
The meeting has been moved to the main office. || SIGNAL:QlJBVk8tMDc=,1
The scheduled activity will continue tomorrow. || SIGNAL:Uk9VVEUtMDg=,1
Update: The scheduled activity will continue tomorrow.,0
The weather is expected to remain clear today. || SIGNAL:REVMVEEtMjE=,1
The weather is expected to remain clear today. || SIGNAL:U1RBVFVTLVJFRA==,1
Update: The meeting has been moved to the main office.,0
The equipment inspection will begin at nine. || SIGNAL:QlJBVk8tMDc=,1
The team completed the assigned task. || SIGNAL:QlJBVk8tMDc=,1
The daily report has been updated. || SIGNAL:VEFTSy0wOQ==,1
The supplies are expected to arrive tomorrow. Please confirm.,0
The unit will conduct routine training this afternoon. Please confirm.,0
Update: The team completed the assigned task.,0
THE EQUIPMENT INSPECTION WILL BEGIN AT NINE.,0
The communication network is operating normally. || SIGNAL:VEFTSy0wOQ==,1
The personnel briefing starts at eight. || SIGNAL:VEFTSy0wOQ==,1
the communication network is operating normally.,0
The team completed the assigned task. Thank you.,0
Update: The training session begins after lunch.,0
The vehicle maintenance is scheduled for Monday. || SIGNAL:QUxQSEEtMDE=,1
The logistics report has been submitted. || SIGNAL:U1RBVFVTLUdSRUVO,1
THE COMMUNICATION NETWORK IS OPERATING NORMALLY.,0
The personnel briefing starts at eight. || SIGNAL:TUlTU0lPTi0xMg==,1
The report will be submitted before the deadline. || SIGNAL:U1RBVFVTLUdSRUVO,1
Update: The equipment has been moved to storage.,0
The unit will conduct routine training this afternoon. || SIGNAL:QlJBVk8tMDc=,1
The equipment inspection will begin at nine. || SIGNAL:VEFTSy0wOQ==,1
The meeting has been moved to the main office. || SIGNAL:U1RBVFVTLVJFRA==,1
The report will be submitted before the deadline.,0
THE TEAM COMPLETED THE ASSIGNED TASK.,0
The vehicles are ready for inspection.,0
The equipment inspection will begin at nine.,0
The equipment has been moved to storage. Thank you.,0
the personnel briefing starts at eight.,0
the vehicle maintenance is scheduled for monday.,0
The vehicle maintenance is scheduled for Monday. || SIGNAL:REVMVEEtMjE=,1
The equipment has been moved to storage. || SIGNAL:U1RBVFVTLVJFRA==,1
THE TEAM WILL MEET AT THE TRAINING CENTER TOMORROW.,0
The team completed the assigned task. || SIGNAL:VEFTSy0wOQ==,1
The communication network is operating normally. || SIGNAL:QlJBVk8tMDc=,1
The exercise will continue according to the schedule. || SIGNAL:QlJBVk8tMDc=,1
The vehicle maintenance is scheduled for Monday. || SIGNAL:VEFTSy0wOQ==,1
The equipment has been moved to storage. || SIGNAL:Uk9VVEUtMDg=,1
The logistics report has been submitted. || SIGNAL:Q0hFQ0tQT0lOVC0wMw==,1
Update: The vehicles are ready for inspection.,0
The team completed the assigned task. || SIGNAL:TUlTU0lPTi0xMg==,1
The daily report has been updated. || SIGNAL:Uk9VVEUtMDg=,1
the logistics report has been submitted.,0
the maintenance team completed the inspection.,0
The maintenance team completed the inspection. Please confirm.,0
The supplies are expected to arrive tomorrow. || SIGNAL:Tk9ERS0xNw==,1
The scheduled activity will continue tomorrow.,0
the team completed the assigned task.,0
The scheduled activity will continue tomorrow. Thank you.,0
The team will meet at the training center tomorrow. || SIGNAL:REVMVEEtMjE=,1
Update: The equipment has been moved to storage.,0
The maintenance team completed the inspection. || SIGNAL:U1RBVFVTLVJFRA==,1
The supplies are expected to arrive tomorrow.,0
The unit will conduct routine training this afternoon. || SIGNAL:TUlTU0lPTi0xMg==,1
The personnel briefing starts at eight. Please confirm.,0
The equipment has been moved to storage. || SIGNAL:U1RBVFVTLUdSRUVO,1
the daily report has been updated.,0
Update: The meeting has been moved to the main office.,0
The vehicles are ready for inspection. Thank you.,0
The vehicle maintenance is scheduled for Monday. || SIGNAL:Tk9ERS0xNw==,1
The daily report has been updated. || SIGNAL:Q0hFQ0tQT0lOVC0wMw==,1
The supplies are expected to arrive tomorrow. || SIGNAL:QlJBVk8tMDc=,1
The equipment inspection will begin at nine. || SIGNAL:QUxQSEEtMDE=,1
The meeting has been moved to the main office. || SIGNAL:TUlTU0lPTi0xMg==,1
The equipment has been moved to storage. || SIGNAL:Q0hFQ0tQT0lOVC0wMw==,1
The weather is expected to remain clear today. || SIGNAL:Tk9ERS0xNw==,1
THE DAILY REPORT HAS BEEN UPDATED.,0
The team should arrive at the location before sunset. Please confirm.,0
the maintenance team completed the inspection.,0
The equipment inspection will begin at nine. || SIGNAL:U1RBVFVTLUdSRUVO,1
The vehicle maintenance is scheduled for Monday. || SIGNAL:VEFTSy0wOQ==,1
The vehicles are ready for inspection. || SIGNAL:Uk9VVEUtMDg=,1
The training session begins after lunch. || SIGNAL:Tk9ERS0xNw==,1
THE UNIT WILL CONDUCT ROUTINE TRAINING THIS AFTERNOON.,0
The team will meet at the training center tomorrow. || SIGNAL:U1RBVFVTLUdSRUVO,1
The supplies are expected to arrive tomorrow. || SIGNAL:VEFTSy0wOQ==,1
The weather is expected to remain clear today. || SIGNAL:REVMVEEtMjE=,1
The report will be submitted before the deadline.,0
the team completed the assigned task.,0
The personnel briefing starts at eight. || SIGNAL:Tk9ERS0xNw==,1
The training session begins after lunch. Thank you.,0
The meeting has been moved to the main office. || SIGNAL:QUxQSEEtMDE=,1
The team completed the assigned task. Please confirm.,0
The communication network is operating normally. || SIGNAL:Tk9ERS0xNw==,1
The logistics report has been submitted.,0
The communication network is operating normally. || SIGNAL:VEFTSy0wOQ==,1
the training session begins after lunch.,0
The weather is expected to remain clear today. || SIGNAL:Q0hFQ0tQT0lOVC0wMw==,1
THE MEETING HAS BEEN MOVED TO THE MAIN OFFICE.,0
the training session begins after lunch.,0
THE TEAM WILL MEET AT THE TRAINING CENTER TOMORROW.,0
The equipment has been moved to storage. || SIGNAL:Tk9ERS0xNw==,1
The daily report has been updated. Please confirm.,0
The scheduled activity will continue tomorrow.,0
The personnel briefing starts at eight. || SIGNAL:QUxQSEEtMDE=,1
THE TRAINING SESSION BEGINS AFTER LUNCH.,0
The communication network is operating normally. Thank you.,0
The unit will conduct routine training this afternoon. || SIGNAL:TUlTU0lPTi0xMg==,1
The supplies are expected to arrive tomorrow.,0
The team should arrive at the location before sunset. || SIGNAL:U1RBVFVTLUdSRUVO,1
THE EQUIPMENT INSPECTION WILL BEGIN AT NINE.,0
The exercise will continue according to the schedule. || SIGNAL:QUxQSEEtMDE=,1
The daily report has been updated. || SIGNAL:Uk9VVEUtMDg=,1
The equipment has been moved to storage. || SIGNAL:REVMVEEtMjE=,1
The meeting has been moved to the main office. || SIGNAL:QlJBVk8tMDc=,1
The daily report has been updated. Thank you.,0
Update: The supplies are expected to arrive tomorrow.,0
The team will meet at the training center tomorrow. Please confirm.,0
the team will meet at the training center tomorrow.,0
the logistics report has been submitted.,0
The vehicle maintenance is scheduled for Monday. || SIGNAL:Uk9VVEUtMDg=,1
The team completed the assigned task. || SIGNAL:REVMVEEtMjE=,1
THE LOGISTICS REPORT HAS BEEN SUBMITTED.,0
the training session begins after lunch.,0
THE SCHEDULED ACTIVITY WILL CONTINUE TOMORROW.,0
The supplies are expected to arrive tomorrow. || SIGNAL:QlJBVk8tMDc=,1
The vehicle maintenance is scheduled for Monday.,0
Update: The team will meet at the training center tomorrow.,0
The meeting has been moved to the main office. || SIGNAL:Q0hFQ0tQT0lOVC0wMw==,1
The vehicles are ready for inspection. Thank you.,0
The vehicles are ready for inspection. || SIGNAL:VEFTSy0wOQ==,1
The team will meet at the training center tomorrow. || SIGNAL:Q0hFQ0tQT0lOVC0wMw==,1
The training session begins after lunch. Please confirm.,0
The vehicle maintenance is scheduled for Monday. || SIGNAL:Tk9ERS0xNw==,1
The vehicles are ready for inspection. Thank you.,0
The training session begins after lunch.,0
The equipment inspection will begin at nine. || SIGNAL:Q0hFQ0tQT0lOVC0wMw==,1
The vehicle maintenance is scheduled for Monday.,0
The training session begins after lunch. || SIGNAL:U1RBVFVTLVJFRA==,1
The report will be submitted before the deadline.,0
The weather is expected to remain clear today. || SIGNAL:QUxQSEEtMDE=,1
The equipment inspection will begin at nine. || SIGNAL:QlJBVk8tMDc=,1
The report will be submitted before the deadline. Thank you.,0
The team should arrive at the location before sunset.,0
Update: The report will be submitted before the deadline.,0
The team will meet at the training center tomorrow. Please confirm.,0
The vehicle maintenance is scheduled for Monday. || SIGNAL:U1RBVFVTLUdSRUVO,1
The daily report has been updated. || SIGNAL:Uk9VVEUtMDg=,1
The communication network is operating normally. || SIGNAL:TUlTU0lPTi0xMg==,1
The vehicles are ready for inspection. || SIGNAL:U1RBVFVTLUdSRUVO,1
The equipment has been moved to storage.,0
The vehicles are ready for inspection. || SIGNAL:VEFTSy0wOQ==,1
The training session begins after lunch. || SIGNAL:Uk9VVEUtMDg=,1
The vehicle maintenance is scheduled for Monday.,0
The communication network is operating normally. Please confirm.,0
The communication network is operating normally. || SIGNAL:U1RBVFVTLVJFRA==,1
The equipment has been moved to storage. || SIGNAL:U1RBVFVTLUdSRUVO,1
The daily report has been updated. || SIGNAL:VEFTSy0wOQ==,1
The team completed the assigned task. || SIGNAL:U1RBVFVTLVJFRA==,1
The weather is expected to remain clear today. || SIGNAL:Uk9VVEUtMDg=,1
The scheduled activity will continue tomorrow. || SIGNAL:U1RBVFVTLVJFRA==,1
Update: The supplies are expected to arrive tomorrow.,0
The report will be submitted before the deadline. Please confirm.,0
The unit will conduct routine training this afternoon. || SIGNAL:Uk9VVEUtMDg=,1
The report will be submitted before the deadline.,0
The team should arrive at the location before sunset. || SIGNAL:Tk9ERS0xNw==,1
The vehicles are ready for inspection. || SIGNAL:QlJBVk8tMDc=,1
The meeting has been moved to the main office. || SIGNAL:TUlTU0lPTi0xMg==,1
The vehicle maintenance is scheduled for Monday. || SIGNAL:TUlTU0lPTi0xMg==,1
Update: The personnel briefing starts at eight.,0
The unit will conduct routine training this afternoon. Thank you.,0
The equipment has been moved to storage. || SIGNAL:U1RBVFVTLVJFRA==,1
The daily report has been updated.,0
THE REPORT WILL BE SUBMITTED BEFORE THE DEADLINE.,0
The team should arrive at the location before sunset. Please confirm.,0
The vehicle maintenance is scheduled for Monday. || SIGNAL:U1RBVFVTLVJFRA==,1
The weather is expected to remain clear today. || SIGNAL:Tk9ERS0xNw==,1
Update: The equipment has been moved to storage.,0
The team should arrive at the location before sunset. || SIGNAL:REVMVEEtMjE=,1
the team completed the assigned task.,0
The communication network is operating normally. || SIGNAL:QUxQSEEtMDE=,1
The team will meet at the training center tomorrow. || SIGNAL:Q0hFQ0tQT0lOVC0wMw==,1
The training session begins after lunch. || SIGNAL:VEFTSy0wOQ==,1
The personnel briefing starts at eight. || SIGNAL:U1RBVFVTLVJFRA==,1
the communication network is operating normally.,0
THE TEAM WILL MEET AT THE TRAINING CENTER TOMORROW.,0
The communication network is operating normally. || SIGNAL:Tk9ERS0xNw==,1
The supplies are expected to arrive tomorrow. || SIGNAL:Q0hFQ0tQT0lOVC0wMw==,1
the equipment inspection will begin at nine.,0
Update: The meeting has been moved to the main office.,0
The vehicle maintenance is scheduled for Monday. || SIGNAL:QlJBVk8tMDc=,1
The team completed the assigned task. || SIGNAL:TUlTU0lPTi0xMg==,1
The unit will conduct routine training this afternoon. || SIGNAL:TUlTU0lPTi0xMg==,1
The report will be submitted before the deadline. Please confirm.,0
The weather is expected to remain clear today. Thank you.,0
The exercise will continue according to the schedule. || SIGNAL:TUlTU0lPTi0xMg==,1
The equipment inspection will begin at nine. Please confirm.,0
The maintenance team completed the inspection. || SIGNAL:REVMVEEtMjE=,1
The team will meet at the training center tomorrow. || SIGNAL:U1RBVFVTLUdSRUVO,1
The team will meet at the training center tomorrow. || SIGNAL:QUxQSEEtMDE=,1
The equipment has been moved to storage. || SIGNAL:REVMVEEtMjE=,1
The equipment inspection will begin at nine. || SIGNAL:Tk9ERS0xNw==,1
The team completed the assigned task. || SIGNAL:TUlTU0lPTi0xMg==,1
the exercise will continue according to the schedule.,0
The vehicles are ready for inspection.,0
The scheduled activity will continue tomorrow. Thank you.,0
The personnel briefing starts at eight. || SIGNAL:Tk9ERS0xNw==,1
The meeting has been moved to the main office. || SIGNAL:QlJBVk8tMDc=,1
The supplies are expected to arrive tomorrow. || SIGNAL:TUlTU0lPTi0xMg==,1
Update: The unit will conduct routine training this afternoon.,0
The personnel briefing starts at eight.,0
Update: The team completed the assigned task.,0
The vehicle maintenance is scheduled for Monday.,0
The meeting has been moved to the main office. Thank you.,0
Update: The team should arrive at the location before sunset.,0
The team should arrive at the location before sunset. Please confirm.,0
The supplies are expected to arrive tomorrow. || SIGNAL:U1RBVFVTLUdSRUVO,1
The team completed the assigned task. || SIGNAL:Tk9ERS0xNw==,1
The scheduled activity will continue tomorrow. || SIGNAL:TUlTU0lPTi0xMg==,1
Update: The team will meet at the training center tomorrow.,0
The unit will conduct routine training this afternoon. || SIGNAL:Q0hFQ0tQT0lOVC0wMw==,1
The personnel briefing starts at eight. || SIGNAL:U1RBVFVTLVJFRA==,1
The weather is expected to remain clear today. || SIGNAL:TUlTU0lPTi0xMg==,1
The scheduled activity will continue tomorrow. Thank you.,0
The report will be submitted before the deadline. || SIGNAL:Q0hFQ0tQT0lOVC0wMw==,1
The vehicle maintenance is scheduled for Monday. || SIGNAL:TUlTU0lPTi0xMg==,1
The report will be submitted before the deadline. || SIGNAL:QlJBVk8tMDc=,1
The communication network is operating normally. || SIGNAL:TUlTU0lPTi0xMg==,1
The personnel briefing starts at eight. || SIGNAL:VEFTSy0wOQ==,1
THE COMMUNICATION NETWORK IS OPERATING NORMALLY.,0
The maintenance team completed the inspection. Thank you.,0
the team completed the assigned task.,0
The team will meet at the training center tomorrow. || SIGNAL:U1RBVFVTLUdSRUVO,1
THE COMMUNICATION NETWORK IS OPERATING NORMALLY.,0
The unit will conduct routine training this afternoon. Thank you.,0
The scheduled activity will continue tomorrow.,0
the communication network is operating normally.,0
The weather is expected to remain clear today. Please confirm.,0
The equipment has been moved to storage. || SIGNAL:U1RBVFVTLVJFRA==,1
The team will meet at the training center tomorrow. || SIGNAL:QUxQSEEtMDE=,1
The team should arrive at the location before sunset. Thank you.,0
The personnel briefing starts at eight. || SIGNAL:TUlTU0lPTi0xMg==,1
the personnel briefing starts at eight.,0
The daily report has been updated. || SIGNAL:VEFTSy0wOQ==,1
The vehicle maintenance is scheduled for Monday. || SIGNAL:U1RBVFVTLVJFRA==,1
The communication network is operating normally.,0
The vehicles are ready for inspection.,0
The equipment has been moved to storage. || SIGNAL:Uk9VVEUtMDg=,1
The report will be submitted before the deadline. || SIGNAL:QlJBVk8tMDc=,1
The meeting has been moved to the main office.,0
The equipment inspection will begin at nine. || SIGNAL:QlJBVk8tMDc=,1
The logistics report has been submitted. || SIGNAL:Tk9ERS0xNw==,1
The exercise will continue according to the schedule. || SIGNAL:QUxQSEEtMDE=,1
The maintenance team completed the inspection. || SIGNAL:QUxQSEEtMDE=,1
The scheduled activity will continue tomorrow. || SIGNAL:Q0hFQ0tQT0lOVC0wMw==,1
The personnel briefing starts at eight. || SIGNAL:QUxQSEEtMDE=,1
the meeting has been moved to the main office.,0
the team will meet at the training center tomorrow.,0
The team will meet at the training center tomorrow. || SIGNAL:VEFTSy0wOQ==,1
The team will meet at the training center tomorrow. || SIGNAL:QUxQSEEtMDE=,1
The logistics report has been submitted. Thank you.,0
The communication network is operating normally. || SIGNAL:Uk9VVEUtMDg=,1
The communication network is operating normally. || SIGNAL:REVMVEEtMjE=,1
Update: The report will be submitted before the deadline.,0
The equipment has been moved to storage. || SIGNAL:QlJBVk8tMDc=,1
The scheduled activity will continue tomorrow. || SIGNAL:Q0hFQ0tQT0lOVC0wMw==,1
Update: The team completed the assigned task.,0
the supplies are expected to arrive tomorrow.,0
THE COMMUNICATION NETWORK IS OPERATING NORMALLY.,0
The vehicle maintenance is scheduled for Monday. Please confirm.,0
THE TEAM COMPLETED THE ASSIGNED TASK.,0
The daily report has been updated. Thank you.,0
The report will be submitted before the deadline. || SIGNAL:QUxQSEEtMDE=,1
The team should arrive at the location before sunset. Please confirm.,0
The equipment inspection will begin at nine. || SIGNAL:Tk9ERS0xNw==,1
The equipment inspection will begin at nine. || SIGNAL:QlJBVk8tMDc=,1
The supplies are expected to arrive tomorrow. || SIGNAL:Q0hFQ0tQT0lOVC0wMw==,1
The training session begins after lunch. || SIGNAL:TUlTU0lPTi0xMg==,1
The daily report has been updated. || SIGNAL:VEFTSy0wOQ==,1
The meeting has been moved to the main office. Please confirm.,0
The weather is expected to remain clear today. Please confirm.,0
The unit will conduct routine training this afternoon. || SIGNAL:Tk9ERS0xNw==,1
THE UNIT WILL CONDUCT ROUTINE TRAINING THIS AFTERNOON.,0
The training session begins after lunch. Thank you.,0
the vehicles are ready for inspection.,0
The training session begins after lunch. || SIGNAL:Uk9VVEUtMDg=,1
the logistics report has been submitted.,0
THE MEETING HAS BEEN MOVED TO THE MAIN OFFICE.,0
The equipment has been moved to storage. Please confirm.,0
THE TEAM WILL MEET AT THE TRAINING CENTER TOMORROW.,0
The personnel briefing starts at eight. Thank you.,0
The scheduled activity will continue tomorrow. Please confirm.,0
The team should arrive at the location before sunset. || SIGNAL:Tk9ERS0xNw==,1
The team will meet at the training center tomorrow. Thank you.,0
the vehicles are ready for inspection.,0
The team should arrive at the location before sunset.,0
The maintenance team completed the inspection. || SIGNAL:Uk9VVEUtMDg=,1
THE TEAM WILL MEET AT THE TRAINING CENTER TOMORROW.,0
The daily report has been updated. Please confirm.,0
The team completed the assigned task. || SIGNAL:U1RBVFVTLVJFRA==,1
The vehicle maintenance is scheduled for Monday. || SIGNAL:U1RBVFVTLUdSRUVO,1
THE SCHEDULED ACTIVITY WILL CONTINUE TOMORROW.,0
The equipment has been moved to storage. || SIGNAL:U1RBVFVTLUdSRUVO,1
Update: The equipment has been moved to storage.,0
The vehicles are ready for inspection. || SIGNAL:U1RBVFVTLVJFRA==,1
Update: The team should arrive at the location before sunset.,0
The daily report has been updated. || SIGNAL:Tk9ERS0xNw==,1
The equipment inspection will begin at nine. Thank you.,0
The report will be submitted before the deadline. || SIGNAL:Q0hFQ0tQT0lOVC0wMw==,1
Update: The equipment inspection will begin at nine.,0
Update: The supplies are expected to arrive tomorrow.,0
The equipment inspection will begin at nine. || SIGNAL:Q0hFQ0tQT0lOVC0wMw==,1
Update: The personnel briefing starts at eight.,0
The team will meet at the training center tomorrow. || SIGNAL:U1RBVFVTLVJFRA==,1
The team will meet at the training center tomorrow.,0
The meeting has been moved to the main office. || SIGNAL:QlJBVk8tMDc=,1
The exercise will continue according to the schedule. || SIGNAL:VEFTSy0wOQ==,1
The team will meet at the training center tomorrow. || SIGNAL:Uk9VVEUtMDg=,1
The vehicle maintenance is scheduled for Monday. || SIGNAL:Q0hFQ0tQT0lOVC0wMw==,1
The logistics report has been submitted. || SIGNAL:QlJBVk8tMDc=,1
The unit will conduct routine training this afternoon. || SIGNAL:QUxQSEEtMDE=,1
The supplies are expected to arrive tomorrow. Please confirm.,0
The exercise will continue according to the schedule. || SIGNAL:VEFTSy0wOQ==,1
The team should arrive at the location before sunset. || SIGNAL:U1RBVFVTLUdSRUVO,1
THE LOGISTICS REPORT HAS BEEN SUBMITTED.,0
the training session begins after lunch.,0
The vehicles are ready for inspection. || SIGNAL:REVMVEEtMjE=,1
The scheduled activity will continue tomorrow.,0
The equipment inspection will begin at nine. || SIGNAL:U1RBVFVTLUdSRUVO,1
The personnel briefing starts at eight.,0
THE REPORT WILL BE SUBMITTED BEFORE THE DEADLINE.,0
the report will be submitted before the deadline.,0
the personnel briefing starts at eight.,0
the meeting has been moved to the main office.,0
The team will meet at the training center tomorrow.,0
The equipment has been moved to storage. || SIGNAL:U1RBVFVTLVJFRA==,1
Update: The supplies are expected to arrive tomorrow.,0
The report will be submitted before the deadline. Please confirm.,0
Update: The vehicle maintenance is scheduled for Monday.,0
The scheduled activity will continue tomorrow. || SIGNAL:U1RBVFVTLUdSRUVO,1
The scheduled activity will continue tomorrow. Thank you.,0
The unit will conduct routine training this afternoon. || SIGNAL:TUlTU0lPTi0xMg==,1
the vehicle maintenance is scheduled for monday.,0
The weather is expected to remain clear today. Thank you.,0
The team completed the assigned task. || SIGNAL:REVMVEEtMjE=,1
The maintenance team completed the inspection. || SIGNAL:U1RBVFVTLUdSRUVO,1
The logistics report has been submitted. Please confirm.,0
The meeting has been moved to the main office. Thank you.,0
Update: The report will be submitted before the deadline.,0
The daily report has been updated. || SIGNAL:QlJBVk8tMDc=,1
The vehicle maintenance is scheduled for Monday. Please confirm.,0
the vehicle maintenance is scheduled for monday.,0
The meeting has been moved to the main office. || SIGNAL:QlJBVk8tMDc=,1
The meeting has been moved to the main office. || SIGNAL:VEFTSy0wOQ==,1
The unit will conduct routine training this afternoon. Thank you.,0
Update: The equipment inspection will begin at nine.,0
The team completed the assigned task. || SIGNAL:REVMVEEtMjE=,1
The meeting has been moved to the main office. Thank you.,0
The equipment inspection will begin at nine. || SIGNAL:Q0hFQ0tQT0lOVC0wMw==,1
The exercise will continue according to the schedule. || SIGNAL:QlJBVk8tMDc=,1
The supplies are expected to arrive tomorrow. || SIGNAL:QlJBVk8tMDc=,1
the team will meet at the training center tomorrow.,0
The exercise will continue according to the schedule. || SIGNAL:U1RBVFVTLUdSRUVO,1
The report will be submitted before the deadline. Thank you.,0
The daily report has been updated. || SIGNAL:QUxQSEEtMDE=,1
The equipment inspection will begin at nine. || SIGNAL:Uk9VVEUtMDg=,1
Update: The weather is expected to remain clear today.,0
THE WEATHER IS EXPECTED TO REMAIN CLEAR TODAY.,0
The meeting has been moved to the main office. || SIGNAL:VEFTSy0wOQ==,1
the report will be submitted before the deadline.,0
The equipment inspection will begin at nine. || SIGNAL:U1RBVFVTLUdSRUVO,1
Update: The equipment has been moved to storage.,0
The weather is expected to remain clear today.,0
The equipment inspection will begin at nine. || SIGNAL:U1RBVFVTLVJFRA==,1
The team completed the assigned task. || SIGNAL:QlJBVk8tMDc=,1
the report will be submitted before the deadline.,0
The personnel briefing starts at eight. || SIGNAL:VEFTSy0wOQ==,1
The unit will conduct routine training this afternoon.,0
The weather is expected to remain clear today. || SIGNAL:Uk9VVEUtMDg=,1
The unit will conduct routine training this afternoon. Please confirm.,0
The vehicles are ready for inspection. Please confirm.,0
The maintenance team completed the inspection. || SIGNAL:QlJBVk8tMDc=,1
The daily report has been updated. || SIGNAL:Q0hFQ0tQT0lOVC0wMw==,1
The team will meet at the training center tomorrow. || SIGNAL:VEFTSy0wOQ==,1
The team will meet at the training center tomorrow.,0
The training session begins after lunch. Thank you.,0
Update: The team will meet at the training center tomorrow.,0
The weather is expected to remain clear today. || SIGNAL:Uk9VVEUtMDg=,1
The team will meet at the training center tomorrow. || SIGNAL:Q0hFQ0tQT0lOVC0wMw==,1
The team will meet at the training center tomorrow. Please confirm.,0
The logistics report has been submitted. || SIGNAL:TUlTU0lPTi0xMg==,1
The maintenance team completed the inspection. || SIGNAL:REVMVEEtMjE=,1
Update: The report will be submitted before the deadline.,0
The maintenance team completed the inspection. || SIGNAL:VEFTSy0wOQ==,1
The maintenance team completed the inspection. || SIGNAL:Tk9ERS0xNw==,1
The exercise will continue according to the schedule. || SIGNAL:Uk9VVEUtMDg=,1
The equipment has been moved to storage.,0
The unit will conduct routine training this afternoon. Please confirm.,0
Update: The training session begins after lunch.,0
THE UNIT WILL CONDUCT ROUTINE TRAINING THIS AFTERNOON.,0
The equipment inspection will begin at nine. || SIGNAL:VEFTSy0wOQ==,1
The scheduled activity will continue tomorrow. || SIGNAL:REVMVEEtMjE=,1
The exercise will continue according to the schedule. || SIGNAL:QlJBVk8tMDc=,1
The vehicle maintenance is scheduled for Monday. || SIGNAL:REVMVEEtMjE=,1
The personnel briefing starts at eight. || SIGNAL:U1RBVFVTLUdSRUVO,1
the personnel briefing starts at eight.,0
The weather is expected to remain clear today.,0
The team will meet at the training center tomorrow. || SIGNAL:Tk9ERS0xNw==,1
the logistics report has been submitted.,0
the scheduled activity will continue tomorrow.,0
The meeting has been moved to the main office. Please confirm.,0
Update: The exercise will continue according to the schedule.,0
The team will meet at the training center tomorrow. || SIGNAL:QUxQSEEtMDE=,1
The equipment inspection will begin at nine. || SIGNAL:Uk9VVEUtMDg=,1
The supplies are expected to arrive tomorrow. || SIGNAL:TUlTU0lPTi0xMg==,1
Update: The unit will conduct routine training this afternoon.,0
The maintenance team completed the inspection. || SIGNAL:U1RBVFVTLUdSRUVO,1
the communication network is operating normally.,0
The scheduled activity will continue tomorrow. || SIGNAL:U1RBVFVTLUdSRUVO,1
The vehicle maintenance is scheduled for Monday. || SIGNAL:U1RBVFVTLUdSRUVO,1
The team completed the assigned task. || SIGNAL:VEFTSy0wOQ==,1
The team will meet at the training center tomorrow. || SIGNAL:U1RBVFVTLUdSRUVO,1
The team completed the assigned task. || SIGNAL:QUxQSEEtMDE=,1
The meeting has been moved to the main office. || SIGNAL:REVMVEEtMjE=,1
The weather is expected to remain clear today. || SIGNAL:Q0hFQ0tQT0lOVC0wMw==,1
Update: The communication network is operating normally.,0
The logistics report has been submitted. || SIGNAL:QlJBVk8tMDc=,1
The communication network is operating normally.,0
The equipment has been moved to storage. || SIGNAL:U1RBVFVTLVJFRA==,1
The vehicle maintenance is scheduled for Monday. || SIGNAL:U1RBVFVTLUdSRUVO,1
The team should arrive at the location before sunset. || SIGNAL:Tk9ERS0xNw==,1
THE VEHICLES ARE READY FOR INSPECTION.,0
The scheduled activity will continue tomorrow. || SIGNAL:Tk9ERS0xNw==,1
The vehicles are ready for inspection.,0
The maintenance team completed the inspection. Please confirm.,0
The vehicles are ready for inspection. || SIGNAL:Q0hFQ0tQT0lOVC0wMw==,1
The personnel briefing starts at eight. || SIGNAL:VEFTSy0wOQ==,1
The vehicle maintenance is scheduled for Monday. Thank you.,0
the weather is expected to remain clear today.,0
The report will be submitted before the deadline. || SIGNAL:TUlTU0lPTi0xMg==,1
The unit will conduct routine training this afternoon. Please confirm.,0
The equipment has been moved to storage. || SIGNAL:TUlTU0lPTi0xMg==,1
THE MAINTENANCE TEAM COMPLETED THE INSPECTION.,0
The daily report has been updated. || SIGNAL:TUlTU0lPTi0xMg==,1
The report will be submitted before the deadline. || SIGNAL:Tk9ERS0xNw==,1
The unit will conduct routine training this afternoon.,0
Update: The equipment has been moved to storage.,0
The daily report has been updated. || SIGNAL:VEFTSy0wOQ==,1
THE UNIT WILL CONDUCT ROUTINE TRAINING THIS AFTERNOON.,0
The communication network is operating normally. || SIGNAL:U1RBVFVTLVJFRA==,1
Update: The logistics report has been submitted.,0
The weather is expected to remain clear today. Please confirm.,0
The equipment has been moved to storage.,0
THE TRAINING SESSION BEGINS AFTER LUNCH.,0
The vehicles are ready for inspection. || SIGNAL:Q0hFQ0tQT0lOVC0wMw==,1
The supplies are expected to arrive tomorrow. || SIGNAL:U1RBVFVTLVJFRA==,1
The training session begins after lunch. Please confirm.,0
Update: The equipment inspection will begin at nine.,0
The exercise will continue according to the schedule. || SIGNAL:Uk9VVEUtMDg=,1
The scheduled activity will continue tomorrow. || SIGNAL:Tk9ERS0xNw==,1
The meeting has been moved to the main office. || SIGNAL:VEFTSy0wOQ==,1
THE EQUIPMENT HAS BEEN MOVED TO STORAGE.,0
The weather is expected to remain clear today. || SIGNAL:Uk9VVEUtMDg=,1
The report will be submitted before the deadline. Please confirm.,0
The report will be submitted before the deadline. || SIGNAL:VEFTSy0wOQ==,1
The exercise will continue according to the schedule. || SIGNAL:Tk9ERS0xNw==,1
The personnel briefing starts at eight. || SIGNAL:QUxQSEEtMDE=,1
THE LOGISTICS REPORT HAS BEEN SUBMITTED.,0
THE DAILY REPORT HAS BEEN UPDATED.,0
The weather is expected to remain clear today. Thank you.,0
the vehicles are ready for inspection.,0
The vehicles are ready for inspection. || SIGNAL:U1RBVFVTLVJFRA==,1
the scheduled activity will continue tomorrow.,0
The meeting has been moved to the main office. || SIGNAL:U1RBVFVTLUdSRUVO,1
Update: The vehicle maintenance is scheduled for Monday.,0
THE MEETING HAS BEEN MOVED TO THE MAIN OFFICE.,0
The team completed the assigned task. || SIGNAL:REVMVEEtMjE=,1
The equipment has been moved to storage.,0
The team completed the assigned task.,0
Update: The report will be submitted before the deadline.,0
The vehicles are ready for inspection. || SIGNAL:U1RBVFVTLVJFRA==,1
The training session begins after lunch.,0
THE REPORT WILL BE SUBMITTED BEFORE THE DEADLINE.,0
The team should arrive at the location before sunset. Please confirm.,0
The vehicle maintenance is scheduled for Monday. || SIGNAL:Q0hFQ0tQT0lOVC0wMw==,1
The supplies are expected to arrive tomorrow. || SIGNAL:QUxQSEEtMDE=,1
The meeting has been moved to the main office. Please confirm.,0
The daily report has been updated.,0
THE EQUIPMENT INSPECTION WILL BEGIN AT NINE.,0
The exercise will continue according to the schedule. || SIGNAL:Q0hFQ0tQT0lOVC0wMw==,1
THE VEHICLE MAINTENANCE IS SCHEDULED FOR MONDAY.,0
The scheduled activity will continue tomorrow. || SIGNAL:TUlTU0lPTi0xMg==,1
The equipment inspection will begin at nine. || SIGNAL:REVMVEEtMjE=,1
The vehicles are ready for inspection. Please confirm.,0
THE VEHICLE MAINTENANCE IS SCHEDULED FOR MONDAY.,0
Update: The team completed the assigned task.,0
The communication network is operating normally. Please confirm.,0
The exercise will continue according to the schedule. Thank you.,0
the weather is expected to remain clear today.,0
THE EXERCISE WILL CONTINUE ACCORDING TO THE SCHEDULE.,0
The vehicle maintenance is scheduled for Monday. || SIGNAL:VEFTSy0wOQ==,1
The team will meet at the training center tomorrow. Please confirm.,0
The report will be submitted before the deadline. Please confirm.,0
The vehicles are ready for inspection.,0
The supplies are expected to arrive tomorrow. || SIGNAL:Q0hFQ0tQT0lOVC0wMw==,1
The equipment has been moved to storage. || SIGNAL:TUlTU0lPTi0xMg==,1
The team will meet at the training center tomorrow. Please confirm.,0
The team completed the assigned task. || SIGNAL:Tk9ERS0xNw==,1
Update: The daily report has been updated.,0
The maintenance team completed the inspection. || SIGNAL:REVMVEEtMjE=,1
THE WEATHER IS EXPECTED TO REMAIN CLEAR TODAY.,0
The weather is expected to remain clear today. || SIGNAL:QUxQSEEtMDE=,1
THE LOGISTICS REPORT HAS BEEN SUBMITTED.,0
The scheduled activity will continue tomorrow. Thank you.,0
The team will meet at the training center tomorrow. || SIGNAL:U1RBVFVTLUdSRUVO,1
The weather is expected to remain clear today. || SIGNAL:VEFTSy0wOQ==,1
THE COMMUNICATION NETWORK IS OPERATING NORMALLY.,0
The equipment inspection will begin at nine. || SIGNAL:QUxQSEEtMDE=,1
The exercise will continue according to the schedule. || SIGNAL:REVMVEEtMjE=,1
THE SUPPLIES ARE EXPECTED TO ARRIVE TOMORROW.,0
The report will be submitted before the deadline. || SIGNAL:U1RBVFVTLVJFRA==,1
THE EQUIPMENT HAS BEEN MOVED TO STORAGE.,0
The equipment inspection will begin at nine. || SIGNAL:QlJBVk8tMDc=,1
The vehicle maintenance is scheduled for Monday. || SIGNAL:Tk9ERS0xNw==,1
The personnel briefing starts at eight. || SIGNAL:Tk9ERS0xNw==,1
The equipment inspection will begin at nine. || SIGNAL:TUlTU0lPTi0xMg==,1
The report will be submitted before the deadline. || SIGNAL:QlJBVk8tMDc=,1
THE EXERCISE WILL CONTINUE ACCORDING TO THE SCHEDULE.,0
The team should arrive at the location before sunset. || SIGNAL:U1RBVFVTLVJFRA==,1
The vehicle maintenance is scheduled for Monday. || SIGNAL:VEFTSy0wOQ==,1
The supplies are expected to arrive tomorrow. Thank you.,0
The maintenance team completed the inspection. || SIGNAL:U1RBVFVTLUdSRUVO,1
The team completed the assigned task. || SIGNAL:Tk9ERS0xNw==,1
The personnel briefing starts at eight. || SIGNAL:QlJBVk8tMDc=,1
The report will be submitted before the deadline. || SIGNAL:U1RBVFVTLUdSRUVO,1
The team should arrive at the location before sunset. || SIGNAL:TUlTU0lPTi0xMg==,1
The personnel briefing starts at eight.,0
The unit will conduct routine training this afternoon. Thank you.,0
The report will be submitted before the deadline. Thank you.,0
The logistics report has been submitted. Thank you.,0
The communication network is operating normally. Thank you.,0
The maintenance team completed the inspection. || SIGNAL:U1RBVFVTLUdSRUVO,1
The logistics report has been submitted. || SIGNAL:QlJBVk8tMDc=,1
The team should arrive at the location before sunset. || SIGNAL:VEFTSy0wOQ==,1
the weather is expected to remain clear today.,0
The exercise will continue according to the schedule.,0
The team should arrive at the location before sunset. || SIGNAL:Tk9ERS0xNw==,1
The weather is expected to remain clear today. Thank you.,0
Update: The scheduled activity will continue tomorrow.,0
The weather is expected to remain clear today. || SIGNAL:U1RBVFVTLUdSRUVO,1
THE LOGISTICS REPORT HAS BEEN SUBMITTED.,0
The scheduled activity will continue tomorrow. || SIGNAL:QUxQSEEtMDE=,1
Update: The vehicles are ready for inspection.,0
The unit will conduct routine training this afternoon. || SIGNAL:QlJBVk8tMDc=,1
The scheduled activity will continue tomorrow. || SIGNAL:U1RBVFVTLUdSRUVO,1
The unit will conduct routine training this afternoon. || SIGNAL:U1RBVFVTLVJFRA==,1
The team will meet at the training center tomorrow. || SIGNAL:TUlTU0lPTi0xMg==,1
The unit will conduct routine training this afternoon. Please confirm.,0
The report will be submitted before the deadline. Thank you.,0
The daily report has been updated. || SIGNAL:TUlTU0lPTi0xMg==,1
The unit will conduct routine training this afternoon. Thank you.,0
The team should arrive at the location before sunset. || SIGNAL:VEFTSy0wOQ==,1
THE WEATHER IS EXPECTED TO REMAIN CLEAR TODAY.,0
The meeting has been moved to the main office.,0
The weather is expected to remain clear today. Please confirm.,0
The maintenance team completed the inspection. || SIGNAL:VEFTSy0wOQ==,1
The communication network is operating normally. || SIGNAL:QlJBVk8tMDc=,1
The weather is expected to remain clear today. || SIGNAL:TUlTU0lPTi0xMg==,1
THE SUPPLIES ARE EXPECTED TO ARRIVE TOMORROW.,0
The logistics report has been submitted. || SIGNAL:Q0hFQ0tQT0lOVC0wMw==,1
the equipment has been moved to storage.,0
The exercise will continue according to the schedule. || SIGNAL:REVMVEEtMjE=,1
The team should arrive at the location before sunset. || SIGNAL:Q0hFQ0tQT0lOVC0wMw==,1
The supplies are expected to arrive tomorrow.,0
THE LOGISTICS REPORT HAS BEEN SUBMITTED.,0
The team completed the assigned task. Please confirm.,0
The weather is expected to remain clear today.,0
Update: The scheduled activity will continue tomorrow.,0
The scheduled activity will continue tomorrow. || SIGNAL:TUlTU0lPTi0xMg==,1
The personnel briefing starts at eight.,0
Update: The vehicles are ready for inspection.,0
The exercise will continue according to the schedule. || SIGNAL:Q0hFQ0tQT0lOVC0wMw==,1
The unit will conduct routine training this afternoon. Thank you.,0
The communication network is operating normally.,0
The team completed the assigned task. || SIGNAL:U1RBVFVTLVJFRA==,1
The unit will conduct routine training this afternoon.,0
The maintenance team completed the inspection. || SIGNAL:QUxQSEEtMDE=,1
The meeting has been moved to the main office.,0
The communication network is operating normally. || SIGNAL:U1RBVFVTLVJFRA==,1
THE COMMUNICATION NETWORK IS OPERATING NORMALLY.,0
The supplies are expected to arrive tomorrow. || SIGNAL:VEFTSy0wOQ==,1
The daily report has been updated. || SIGNAL:Tk9ERS0xNw==,1
The team completed the assigned task. || SIGNAL:Uk9VVEUtMDg=,1
The maintenance team completed the inspection. || SIGNAL:REVMVEEtMjE=,1
The team should arrive at the location before sunset.,0
THE WEATHER IS EXPECTED TO REMAIN CLEAR TODAY.,0
The weather is expected to remain clear today. || SIGNAL:Tk9ERS0xNw==,1
The vehicle maintenance is scheduled for Monday. Please confirm.,0
THE TRAINING SESSION BEGINS AFTER LUNCH.,0
THE VEHICLES ARE READY FOR INSPECTION.,0
The logistics report has been submitted. || SIGNAL:TUlTU0lPTi0xMg==,1
Update: The supplies are expected to arrive tomorrow.,0
Update: The training session begins after lunch.,0
Update: The training session begins after lunch.,0
The logistics report has been submitted. || SIGNAL:REVMVEEtMjE=,1
THE TEAM WILL MEET AT THE TRAINING CENTER TOMORROW.,0
The communication network is operating normally. || SIGNAL:TUlTU0lPTi0xMg==,1
The personnel briefing starts at eight.,0
The maintenance team completed the inspection. || SIGNAL:REVMVEEtMjE=,1
The logistics report has been submitted. || SIGNAL:Tk9ERS0xNw==,1
The supplies are expected to arrive tomorrow. || SIGNAL:REVMVEEtMjE=,1
Update: The personnel briefing starts at eight.,0
The team will meet at the training center tomorrow. Please confirm.,0
The team completed the assigned task. Please confirm.,0
The logistics report has been submitted. || SIGNAL:Q0hFQ0tQT0lOVC0wMw==,1
The vehicles are ready for inspection. || SIGNAL:Uk9VVEUtMDg=,1
The training session begins after lunch. || SIGNAL:VEFTSy0wOQ==,1
the equipment has been moved to storage.,0
The exercise will continue according to the schedule. || SIGNAL:U1RBVFVTLVJFRA==,1
The daily report has been updated. Thank you.,0
The maintenance team completed the inspection. Please confirm.,0
The vehicles are ready for inspection. || SIGNAL:U1RBVFVTLUdSRUVO,1
THE SCHEDULED ACTIVITY WILL CONTINUE TOMORROW.,0
The supplies are expected to arrive tomorrow. || SIGNAL:QUxQSEEtMDE=,1
The personnel briefing starts at eight. || SIGNAL:QUxQSEEtMDE=,1
THE VEHICLE MAINTENANCE IS SCHEDULED FOR MONDAY.,0
The training session begins after lunch. || SIGNAL:Tk9ERS0xNw==,1
The vehicles are ready for inspection. || SIGNAL:U1RBVFVTLUdSRUVO,1
THE VEHICLES ARE READY FOR INSPECTION.,0
The team will meet at the training center tomorrow. || SIGNAL:U1RBVFVTLUdSRUVO,1
The logistics report has been submitted. || SIGNAL:Uk9VVEUtMDg=,1
The daily report has been updated. || SIGNAL:U1RBVFVTLUdSRUVO,1
Update: The team will meet at the training center tomorrow.,0
The team should arrive at the location before sunset. || SIGNAL:Tk9ERS0xNw==,1
The scheduled activity will continue tomorrow. || SIGNAL:VEFTSy0wOQ==,1
The communication network is operating normally. || SIGNAL:QUxQSEEtMDE=,1
The team should arrive at the location before sunset. || SIGNAL:QlJBVk8tMDc=,1
The logistics report has been submitted. || SIGNAL:QlJBVk8tMDc=,1
The unit will conduct routine training this afternoon. Please confirm.,0
The personnel briefing starts at eight. Please confirm.,0
Update: The team should arrive at the location before sunset.,0
The team should arrive at the location before sunset. || SIGNAL:TUlTU0lPTi0xMg==,1
The equipment inspection will begin at nine. || SIGNAL:U1RBVFVTLUdSRUVO,1
The maintenance team completed the inspection. Thank you.,0
THE EQUIPMENT INSPECTION WILL BEGIN AT NINE.,0
the meeting has been moved to the main office.,0
Update: The maintenance team completed the inspection.,0
The communication network is operating normally. || SIGNAL:U1RBVFVTLVJFRA==,1
The weather is expected to remain clear today. || SIGNAL:Uk9VVEUtMDg=,1
The meeting has been moved to the main office. || SIGNAL:VEFTSy0wOQ==,1
The daily report has been updated. || SIGNAL:U1RBVFVTLUdSRUVO,1
Update: The logistics report has been submitted.,0
The team completed the assigned task. || SIGNAL:REVMVEEtMjE=,1
The supplies are expected to arrive tomorrow. || SIGNAL:QUxQSEEtMDE=,1
THE VEHICLE MAINTENANCE IS SCHEDULED FOR MONDAY.,0
The training session begins after lunch. || SIGNAL:QUxQSEEtMDE=,1
The logistics report has been submitted. || SIGNAL:Tk9ERS0xNw==,1
The maintenance team completed the inspection. || SIGNAL:REVMVEEtMjE=,1
the training session begins after lunch.,0
The weather is expected to remain clear today. || SIGNAL:QlJBVk8tMDc=,1
Update: The logistics report has been submitted.,0
The training session begins after lunch. || SIGNAL:QUxQSEEtMDE=,1
Update: The team should arrive at the location before sunset.,0
The report will be submitted before the deadline. || SIGNAL:REVMVEEtMjE=,1
The report will be submitted before the deadline. || SIGNAL:Tk9ERS0xNw==,1
The unit will conduct routine training this afternoon. || SIGNAL:QlJBVk8tMDc=,1
THE TEAM COMPLETED THE ASSIGNED TASK.,0
the scheduled activity will continue tomorrow.,0
The team should arrive at the location before sunset. || SIGNAL:Uk9VVEUtMDg=,1
The scheduled activity will continue tomorrow. || SIGNAL:U1RBVFVTLUdSRUVO,1
The equipment inspection will begin at nine. Please confirm.,0
the exercise will continue according to the schedule.,0
The personnel briefing starts at eight. || SIGNAL:QlJBVk8tMDc=,1
The communication network is operating normally. || SIGNAL:Tk9ERS0xNw==,1
The logistics report has been submitted. || SIGNAL:U1RBVFVTLUdSRUVO,1
The supplies are expected to arrive tomorrow. Thank you.,0
The supplies are expected to arrive tomorrow.,0
The personnel briefing starts at eight. Thank you.,0
The meeting has been moved to the main office. || SIGNAL:Tk9ERS0xNw==,1
THE VEHICLE MAINTENANCE IS SCHEDULED FOR MONDAY.,0
Update: The training session begins after lunch.,0
The equipment has been moved to storage. Please confirm.,0
The training session begins after lunch. Please confirm.,0
the exercise will continue according to the schedule.,0
Update: The team should arrive at the location before sunset.,0
The vehicle maintenance is scheduled for Monday.,0
The team completed the assigned task. Please confirm.,0
The daily report has been updated. Thank you.,0
The report will be submitted before the deadline. || SIGNAL:U1RBVFVTLUdSRUVO,1
THE MEETING HAS BEEN MOVED TO THE MAIN OFFICE.,0
The supplies are expected to arrive tomorrow. || SIGNAL:Tk9ERS0xNw==,1
The unit will conduct routine training this afternoon. || SIGNAL:QlJBVk8tMDc=,1
The logistics report has been submitted. || SIGNAL:QUxQSEEtMDE=,1
The report will be submitted before the deadline.,0
Update: The daily report has been updated.,0
The logistics report has been submitted. || SIGNAL:Uk9VVEUtMDg=,1
The supplies are expected to arrive tomorrow. Please confirm.,0
The team should arrive at the location before sunset. || SIGNAL:REVMVEEtMjE=,1
The communication network is operating normally. || SIGNAL:Q0hFQ0tQT0lOVC0wMw==,1
The supplies are expected to arrive tomorrow. Please confirm.,0
The unit will conduct routine training this afternoon. || SIGNAL:REVMVEEtMjE=,1
Update: The equipment has been moved to storage.,0
The communication network is operating normally. Please confirm.,0
The vehicle maintenance is scheduled for Monday. || SIGNAL:VEFTSy0wOQ==,1
the equipment has been moved to storage.,0
the weather is expected to remain clear today.,0
The exercise will continue according to the schedule. || SIGNAL:Q0hFQ0tQT0lOVC0wMw==,1
THE EQUIPMENT HAS BEEN MOVED TO STORAGE.,0
The logistics report has been submitted. || SIGNAL:REVMVEEtMjE=,1
The vehicle maintenance is scheduled for Monday. || SIGNAL:REVMVEEtMjE=,1
The meeting has been moved to the main office. || SIGNAL:VEFTSy0wOQ==,1
The team will meet at the training center tomorrow. || SIGNAL:Q0hFQ0tQT0lOVC0wMw==,1
The vehicles are ready for inspection. || SIGNAL:Tk9ERS0xNw==,1
Update: The unit will conduct routine training this afternoon.,0
The vehicles are ready for inspection. Please confirm.,0
The scheduled activity will continue tomorrow. || SIGNAL:Uk9VVEUtMDg=,1
The weather is expected to remain clear today. || SIGNAL:Tk9ERS0xNw==,1
The unit will conduct routine training this afternoon.,0
The unit will conduct routine training this afternoon. Please confirm.,0
The vehicles are ready for inspection. || SIGNAL:VEFTSy0wOQ==,1
The supplies are expected to arrive tomorrow. Thank you.,0
the supplies are expected to arrive tomorrow.,0
The supplies are expected to arrive tomorrow.,0
The supplies are expected to arrive tomorrow. || SIGNAL:REVMVEEtMjE=,1
the maintenance team completed the inspection.,0
The equipment inspection will begin at nine. || SIGNAL:U1RBVFVTLUdSRUVO,1
The vehicles are ready for inspection. Thank you.,0
The supplies are expected to arrive tomorrow. || SIGNAL:Q0hFQ0tQT0lOVC0wMw==,1
The vehicle maintenance is scheduled for Monday. || SIGNAL:U1RBVFVTLVJFRA==,1
The exercise will continue according to the schedule. Thank you.,0
THE DAILY REPORT HAS BEEN UPDATED.,0
The exercise will continue according to the schedule. Please confirm.,0
The supplies are expected to arrive tomorrow. Please confirm.,0
The unit will conduct routine training this afternoon. Thank you.,0
The report will be submitted before the deadline. || SIGNAL:QlJBVk8tMDc=,1
The weather is expected to remain clear today. || SIGNAL:QUxQSEEtMDE=,1
The meeting has been moved to the main office. || SIGNAL:VEFTSy0wOQ==,1
The exercise will continue according to the schedule. || SIGNAL:Q0hFQ0tQT0lOVC0wMw==,1
The meeting has been moved to the main office. Thank you.,0
the vehicles are ready for inspection.,0
The scheduled activity will continue tomorrow. Please confirm.,0
Update: The equipment inspection will begin at nine.,0
The maintenance team completed the inspection. Thank you.,0
The meeting has been moved to the main office. Thank you.,0
Update: The team completed the assigned task.,0
The team should arrive at the location before sunset. || SIGNAL:QUxQSEEtMDE=,1
The vehicle maintenance is scheduled for Monday.,0
The team will meet at the training center tomorrow. || SIGNAL:U1RBVFVTLUdSRUVO,1
The vehicle maintenance is scheduled for Monday. || SIGNAL:REVMVEEtMjE=,1
THE REPORT WILL BE SUBMITTED BEFORE THE DEADLINE.,0
THE DAILY REPORT HAS BEEN UPDATED.,0
THE TEAM COMPLETED THE ASSIGNED TASK.,0
The logistics report has been submitted. Please confirm.,0
The unit will conduct routine training this afternoon. || SIGNAL:QlJBVk8tMDc=,1
The equipment has been moved to storage. Please confirm.,0
The personnel briefing starts at eight. Please confirm.,0
The communication network is operating normally. Thank you.,0
The scheduled activity will continue tomorrow. || SIGNAL:REVMVEEtMjE=,1
The vehicle maintenance is scheduled for Monday.,0
The weather is expected to remain clear today. || SIGNAL:QlJBVk8tMDc=,1
The training session begins after lunch. || SIGNAL:TUlTU0lPTi0xMg==,1
the equipment has been moved to storage.,0
The equipment has been moved to storage. Thank you.,0
The vehicles are ready for inspection. || SIGNAL:VEFTSy0wOQ==,1
The report will be submitted before the deadline. || SIGNAL:REVMVEEtMjE=,1
The team will meet at the training center tomorrow. || SIGNAL:Q0hFQ0tQT0lOVC0wMw==,1
Update: The exercise will continue according to the schedule.,0
The equipment inspection will begin at nine. || SIGNAL:TUlTU0lPTi0xMg==,1
The maintenance team completed the inspection. || SIGNAL:U1RBVFVTLUdSRUVO,1
The scheduled activity will continue tomorrow. || SIGNAL:TUlTU0lPTi0xMg==,1
The logistics report has been submitted.,0
The equipment has been moved to storage. || SIGNAL:Tk9ERS0xNw==,1
The team will meet at the training center tomorrow. || SIGNAL:REVMVEEtMjE=,1
The team will meet at the training center tomorrow. || SIGNAL:Uk9VVEUtMDg=,1
The equipment has been moved to storage. || SIGNAL:TUlTU0lPTi0xMg==,1
THE COMMUNICATION NETWORK IS OPERATING NORMALLY.,0
The team completed the assigned task. || SIGNAL:QlJBVk8tMDc=,1
The weather is expected to remain clear today. || SIGNAL:REVMVEEtMjE=,1
The scheduled activity will continue tomorrow. || SIGNAL:U1RBVFVTLVJFRA==,1
The team should arrive at the location before sunset. || SIGNAL:Tk9ERS0xNw==,1
The daily report has been updated. || SIGNAL:QlJBVk8tMDc=,1
The training session begins after lunch.,0
The equipment has been moved to storage. Please confirm.,0
Update: The meeting has been moved to the main office.,0
The daily report has been updated.,0
THE VEHICLE MAINTENANCE IS SCHEDULED FOR MONDAY.,0
The weather is expected to remain clear today. || SIGNAL:Uk9VVEUtMDg=,1
The personnel briefing starts at eight. || SIGNAL:VEFTSy0wOQ==,1
The personnel briefing starts at eight.,0
The logistics report has been submitted. || SIGNAL:Uk9VVEUtMDg=,1
The scheduled activity will continue tomorrow.,0
The team will meet at the training center tomorrow. Thank you.,0
Update: The equipment has been moved to storage.,0
The unit will conduct routine training this afternoon.,0
The report will be submitted before the deadline. || SIGNAL:VEFTSy0wOQ==,1
Update: The daily report has been updated.,0
The meeting has been moved to the main office. || SIGNAL:Tk9ERS0xNw==,1
The weather is expected to remain clear today. || SIGNAL:U1RBVFVTLVJFRA==,1
The logistics report has been submitted. || SIGNAL:VEFTSy0wOQ==,1
The communication network is operating normally. || SIGNAL:QUxQSEEtMDE=,1
The vehicle maintenance is scheduled for Monday. || SIGNAL:REVMVEEtMjE=,1
The report will be submitted before the deadline. || SIGNAL:Q0hFQ0tQT0lOVC0wMw==,1
The equipment inspection will begin at nine. || SIGNAL:Uk9VVEUtMDg=,1
Update: The personnel briefing starts at eight.,0
The weather is expected to remain clear today. Please confirm.,0
The scheduled activity will continue tomorrow. Thank you.,0
Update: The team should arrive at the location before sunset.,0
The unit will conduct routine training this afternoon. || SIGNAL:Q0hFQ0tQT0lOVC0wMw==,1
Update: The daily report has been updated.,0
THE SCHEDULED ACTIVITY WILL CONTINUE TOMORROW.,0
The scheduled activity will continue tomorrow. || SIGNAL:VEFTSy0wOQ==,1
the exercise will continue according to the schedule.,0
The vehicle maintenance is scheduled for Monday. || SIGNAL:Uk9VVEUtMDg=,1
The logistics report has been submitted. || SIGNAL:VEFTSy0wOQ==,1
The equipment inspection will begin at nine.,0
The unit will conduct routine training this afternoon. Please confirm.,0
The team completed the assigned task. || SIGNAL:Tk9ERS0xNw==,1
The vehicles are ready for inspection. || SIGNAL:Tk9ERS0xNw==,1
the weather is expected to remain clear today.,0
The meeting has been moved to the main office. || SIGNAL:Q0hFQ0tQT0lOVC0wMw==,1
the scheduled activity will continue tomorrow.,0
The meeting has been moved to the main office. || SIGNAL:QUxQSEEtMDE=,1
The vehicles are ready for inspection. || SIGNAL:REVMVEEtMjE=,1
THE UNIT WILL CONDUCT ROUTINE TRAINING THIS AFTERNOON.,0
The vehicles are ready for inspection. || SIGNAL:REVMVEEtMjE=,1
The training session begins after lunch.,0
The logistics report has been submitted. || SIGNAL:QlJBVk8tMDc=,1
The vehicles are ready for inspection. || SIGNAL:Tk9ERS0xNw==,1
the team should arrive at the location before sunset.,0
Update: The exercise will continue according to the schedule.,0
The equipment inspection will begin at nine. Please confirm.,0
The team should arrive at the location before sunset. || SIGNAL:Uk9VVEUtMDg=,1
The communication network is operating normally. || SIGNAL:REVMVEEtMjE=,1
The team completed the assigned task. || SIGNAL:U1RBVFVTLUdSRUVO,1
The supplies are expected to arrive tomorrow.,0
The training session begins after lunch. || SIGNAL:VEFTSy0wOQ==,1
the scheduled activity will continue tomorrow.,0
THE UNIT WILL CONDUCT ROUTINE TRAINING THIS AFTERNOON.,0
The vehicles are ready for inspection. || SIGNAL:REVMVEEtMjE=,1
THE SCHEDULED ACTIVITY WILL CONTINUE TOMORROW.,0
The vehicles are ready for inspection. || SIGNAL:TUlTU0lPTi0xMg==,1
The team should arrive at the location before sunset. Thank you.,0
The training session begins after lunch. || SIGNAL:REVMVEEtMjE=,1
The scheduled activity will continue tomorrow. Thank you.,0
Update: The supplies are expected to arrive tomorrow.,0
The communication network is operating normally. Thank you.,0
The equipment inspection will begin at nine. || SIGNAL:Uk9VVEUtMDg=,1
the personnel briefing starts at eight.,0
Update: The equipment inspection will begin at nine.,0
The training session begins after lunch. || SIGNAL:QUxQSEEtMDE=,1
THE VEHICLE MAINTENANCE IS SCHEDULED FOR MONDAY.,0
the team will meet at the training center tomorrow.,0
The report will be submitted before the deadline. Thank you.,0
The meeting has been moved to the main office. || SIGNAL:REVMVEEtMjE=,1
The daily report has been updated. || SIGNAL:Tk9ERS0xNw==,1
The scheduled activity will continue tomorrow. || SIGNAL:VEFTSy0wOQ==,1
Update: The scheduled activity will continue tomorrow.,0
The logistics report has been submitted. Please confirm.,0
The team will meet at the training center tomorrow. Please confirm.,0
The training session begins after lunch. || SIGNAL:Uk9VVEUtMDg=,1
THE VEHICLES ARE READY FOR INSPECTION.,0
Update: The weather is expected to remain clear today.,0
The maintenance team completed the inspection. || SIGNAL:REVMVEEtMjE=,1
The team completed the assigned task. || SIGNAL:QlJBVk8tMDc=,1
The daily report has been updated.,0
The vehicles are ready for inspection. Please confirm.,0
the vehicle maintenance is scheduled for monday.,0
The weather is expected to remain clear today. || SIGNAL:Uk9VVEUtMDg=,1
The training session begins after lunch. || SIGNAL:U1RBVFVTLUdSRUVO,1
THE EXERCISE WILL CONTINUE ACCORDING TO THE SCHEDULE.,0
The team should arrive at the location before sunset. || SIGNAL:QUxQSEEtMDE=,1
The personnel briefing starts at eight. || SIGNAL:QUxQSEEtMDE=,1
The equipment has been moved to storage. || SIGNAL:REVMVEEtMjE=,1
The supplies are expected to arrive tomorrow. || SIGNAL:U1RBVFVTLVJFRA==,1
The personnel briefing starts at eight. || SIGNAL:VEFTSy0wOQ==,1
The team will meet at the training center tomorrow. || SIGNAL:VEFTSy0wOQ==,1
The unit will conduct routine training this afternoon. || SIGNAL:VEFTSy0wOQ==,1
The team should arrive at the location before sunset. || SIGNAL:REVMVEEtMjE=,1
Update: The meeting has been moved to the main office.,0
The team completed the assigned task.,0
The maintenance team completed the inspection.,0
The training session begins after lunch. || SIGNAL:QlJBVk8tMDc=,1
The meeting has been moved to the main office. || SIGNAL:QlJBVk8tMDc=,1
the maintenance team completed the inspection.,0
the equipment has been moved to storage.,0
The report will be submitted before the deadline. Thank you.,0
The daily report has been updated. || SIGNAL:Tk9ERS0xNw==,1
The team will meet at the training center tomorrow. || SIGNAL:Q0hFQ0tQT0lOVC0wMw==,1
Update: The meeting has been moved to the main office.,0
The weather is expected to remain clear today.,0
The team completed the assigned task. || SIGNAL:Q0hFQ0tQT0lOVC0wMw==,1
The supplies are expected to arrive tomorrow. || SIGNAL:QlJBVk8tMDc=,1
The exercise will continue according to the schedule. || SIGNAL:Tk9ERS0xNw==,1
THE VEHICLE MAINTENANCE IS SCHEDULED FOR MONDAY.,0
The team will meet at the training center tomorrow. Please confirm.,0
THE TRAINING SESSION BEGINS AFTER LUNCH.,0
The communication network is operating normally. || SIGNAL:QUxQSEEtMDE=,1
The communication network is operating normally. || SIGNAL:QlJBVk8tMDc=,1
The scheduled activity will continue tomorrow. Thank you.,0
The meeting has been moved to the main office. || SIGNAL:Tk9ERS0xNw==,1
The exercise will continue according to the schedule. || SIGNAL:Q0hFQ0tQT0lOVC0wMw==,1
Update: The exercise will continue according to the schedule.,0
The maintenance team completed the inspection. || SIGNAL:Tk9ERS0xNw==,1
The meeting has been moved to the main office. || SIGNAL:U1RBVFVTLVJFRA==,1
The exercise will continue according to the schedule. || SIGNAL:Tk9ERS0xNw==,1
The equipment has been moved to storage. || SIGNAL:U1RBVFVTLVJFRA==,1
The team will meet at the training center tomorrow. || SIGNAL:TUlTU0lPTi0xMg==,1
The communication network is operating normally. || SIGNAL:U1RBVFVTLUdSRUVO,1
The supplies are expected to arrive tomorrow.,0
The equipment inspection will begin at nine. || SIGNAL:U1RBVFVTLVJFRA==,1
THE TRAINING SESSION BEGINS AFTER LUNCH.,0
The equipment inspection will begin at nine. || SIGNAL:QUxQSEEtMDE=,1
The equipment has been moved to storage. || SIGNAL:U1RBVFVTLVJFRA==,1
The equipment has been moved to storage.,0
The daily report has been updated. || SIGNAL:Tk9ERS0xNw==,1
the vehicle maintenance is scheduled for monday.,0
The logistics report has been submitted. || SIGNAL:U1RBVFVTLVJFRA==,1
The supplies are expected to arrive tomorrow.,0
The vehicles are ready for inspection. || SIGNAL:REVMVEEtMjE=,1
The vehicles are ready for inspection. Thank you.,0
The daily report has been updated. || SIGNAL:QUxQSEEtMDE=,1
The vehicles are ready for inspection. || SIGNAL:QlJBVk8tMDc=,1
The communication network is operating normally. || SIGNAL:Tk9ERS0xNw==,1
The scheduled activity will continue tomorrow. || SIGNAL:QUxQSEEtMDE=,1
The vehicle maintenance is scheduled for Monday.,0
The training session begins after lunch. Thank you.,0
The meeting has been moved to the main office. || SIGNAL:VEFTSy0wOQ==,1
The weather is expected to remain clear today. || SIGNAL:U1RBVFVTLVJFRA==,1
The personnel briefing starts at eight. Please confirm.,0
The personnel briefing starts at eight.,0
The equipment inspection will begin at nine.,0
The training session begins after lunch. || SIGNAL:QUxQSEEtMDE=,1
the exercise will continue according to the schedule.,0
The daily report has been updated. Please confirm.,0
The team will meet at the training center tomorrow. || SIGNAL:U1RBVFVTLVJFRA==,1
The scheduled activity will continue tomorrow. || SIGNAL:Tk9ERS0xNw==,1
Update: The logistics report has been submitted.,0
The vehicles are ready for inspection. || SIGNAL:QlJBVk8tMDc=,1
The logistics report has been submitted. || SIGNAL:QlJBVk8tMDc=,1
The unit will conduct routine training this afternoon. || SIGNAL:Tk9ERS0xNw==,1
The personnel briefing starts at eight. || SIGNAL:Uk9VVEUtMDg=,1
The scheduled activity will continue tomorrow. || SIGNAL:REVMVEEtMjE=,1
The personnel briefing starts at eight. || SIGNAL:U1RBVFVTLUdSRUVO,1
The equipment has been moved to storage. Please confirm.,0
the weather is expected to remain clear today.,0
The team will meet at the training center tomorrow. || SIGNAL:QlJBVk8tMDc=,1
the personnel briefing starts at eight.,0
Update: The team completed the assigned task.,0
the supplies are expected to arrive tomorrow.,0
The team will meet at the training center tomorrow. || SIGNAL:U1RBVFVTLVJFRA==,1
The daily report has been updated. Thank you.,0
The supplies are expected to arrive tomorrow. Thank you.,0
The meeting has been moved to the main office.,0
The vehicle maintenance is scheduled for Monday.,0
The daily report has been updated. || SIGNAL:TUlTU0lPTi0xMg==,1
The supplies are expected to arrive tomorrow. || SIGNAL:Uk9VVEUtMDg=,1
The meeting has been moved to the main office. Thank you.,0
Update: The weather is expected to remain clear today.,0
The equipment has been moved to storage. || SIGNAL:QlJBVk8tMDc=,1
the scheduled activity will continue tomorrow.,0
The vehicle maintenance is scheduled for Monday.,0
The training session begins after lunch. Thank you.,0
The team should arrive at the location before sunset.,0
Update: The supplies are expected to arrive tomorrow.,0
The team should arrive at the location before sunset. || SIGNAL:Q0hFQ0tQT0lOVC0wMw==,1
The equipment inspection will begin at nine. || SIGNAL:Uk9VVEUtMDg=,1
The team will meet at the training center tomorrow.,0
Update: The training session begins after lunch.,0
The training session begins after lunch. || SIGNAL:U1RBVFVTLVJFRA==,1
The equipment has been moved to storage. Thank you.,0
The maintenance team completed the inspection. Thank you.,0
The daily report has been updated. || SIGNAL:QUxQSEEtMDE=,1
The vehicles are ready for inspection. || SIGNAL:Q0hFQ0tQT0lOVC0wMw==,1
the logistics report has been submitted.,0
The supplies are expected to arrive tomorrow. || SIGNAL:Uk9VVEUtMDg=,1
The exercise will continue according to the schedule. || SIGNAL:TUlTU0lPTi0xMg==,1
The communication network is operating normally. || SIGNAL:TUlTU0lPTi0xMg==,1
the vehicle maintenance is scheduled for monday.,0
THE COMMUNICATION NETWORK IS OPERATING NORMALLY.,0
The scheduled activity will continue tomorrow. || SIGNAL:Uk9VVEUtMDg=,1
The maintenance team completed the inspection. Thank you.,0
The equipment has been moved to storage. Thank you.,0
The report will be submitted before the deadline. || SIGNAL:Tk9ERS0xNw==,1
the training session begins after lunch.,0
The logistics report has been submitted. || SIGNAL:Uk9VVEUtMDg=,1
the team completed the assigned task.,0
The team will meet at the training center tomorrow. || SIGNAL:VEFTSy0wOQ==,1
Update: The logistics report has been submitted.,0
The daily report has been updated. Thank you.,0
the logistics report has been submitted.,0
The logistics report has been submitted. Please confirm.,0
The vehicles are ready for inspection. || SIGNAL:U1RBVFVTLVJFRA==,1
The team should arrive at the location before sunset. || SIGNAL:Uk9VVEUtMDg=,1
The meeting has been moved to the main office. || SIGNAL:TUlTU0lPTi0xMg==,1
The communication network is operating normally. || SIGNAL:VEFTSy0wOQ==,1
the vehicles are ready for inspection.,0
THE LOGISTICS REPORT HAS BEEN SUBMITTED.,0
THE REPORT WILL BE SUBMITTED BEFORE THE DEADLINE.,0
The exercise will continue according to the schedule. || SIGNAL:Uk9VVEUtMDg=,1
the maintenance team completed the inspection.,0
The personnel briefing starts at eight. Thank you.,0
THE SCHEDULED ACTIVITY WILL CONTINUE TOMORROW.,0
The supplies are expected to arrive tomorrow. Please confirm.,0
The team completed the assigned task. Please confirm.,0
the team should arrive at the location before sunset.,0
The logistics report has been submitted. || SIGNAL:Q0hFQ0tQT0lOVC0wMw==,1
The logistics report has been submitted. || SIGNAL:Uk9VVEUtMDg=,1
Update: The team will meet at the training center tomorrow.,0
The report will be submitted before the deadline. || SIGNAL:QUxQSEEtMDE=,1
The meeting has been moved to the main office.,0
The team will meet at the training center tomorrow. || SIGNAL:QlJBVk8tMDc=,1
The equipment has been moved to storage. || SIGNAL:U1RBVFVTLUdSRUVO,1
The supplies are expected to arrive tomorrow. || SIGNAL:QUxQSEEtMDE=,1
The meeting has been moved to the main office. || SIGNAL:TUlTU0lPTi0xMg==,1
Update: The equipment inspection will begin at nine.,0
Update: The communication network is operating normally.,0
The unit will conduct routine training this afternoon. || SIGNAL:Tk9ERS0xNw==,1
The exercise will continue according to the schedule. Thank you.,0
THE EQUIPMENT INSPECTION WILL BEGIN AT NINE.,0
the training session begins after lunch.,0
the equipment inspection will begin at nine.,0
The vehicles are ready for inspection. Thank you.,0
The exercise will continue according to the schedule. || SIGNAL:VEFTSy0wOQ==,1
The logistics report has been submitted.,0
The report will be submitted before the deadline. Please confirm.,0
The team completed the assigned task. Thank you.,0
The meeting has been moved to the main office. || SIGNAL:U1RBVFVTLVJFRA==,1
The maintenance team completed the inspection.,0
The logistics report has been submitted. Please confirm.,0
The daily report has been updated. || SIGNAL:QUxQSEEtMDE=,1
The maintenance team completed the inspection. || SIGNAL:U1RBVFVTLUdSRUVO,1
The equipment has been moved to storage. || SIGNAL:Tk9ERS0xNw==,1
THE REPORT WILL BE SUBMITTED BEFORE THE DEADLINE.,0
The supplies are expected to arrive tomorrow. || SIGNAL:VEFTSy0wOQ==,1
The team should arrive at the location before sunset.,0
the equipment has been moved to storage.,0
The scheduled activity will continue tomorrow. || SIGNAL:TUlTU0lPTi0xMg==,1
The vehicle maintenance is scheduled for Monday.,0
THE TEAM WILL MEET AT THE TRAINING CENTER TOMORROW.,0
The equipment has been moved to storage. || SIGNAL:REVMVEEtMjE=,1
THE MEETING HAS BEEN MOVED TO THE MAIN OFFICE.,0
The supplies are expected to arrive tomorrow. || SIGNAL:REVMVEEtMjE=,1
The maintenance team completed the inspection.,0
The equipment inspection will begin at nine. || SIGNAL:QUxQSEEtMDE=,1
The vehicle maintenance is scheduled for Monday. || SIGNAL:U1RBVFVTLVJFRA==,1
The unit will conduct routine training this afternoon.,0
the team completed the assigned task.,0
The vehicle maintenance is scheduled for Monday. || SIGNAL:QUxQSEEtMDE=,1
The personnel briefing starts at eight.,0
The weather is expected to remain clear today. Thank you.,0
The daily report has been updated. || SIGNAL:U1RBVFVTLVJFRA==,1
Update: The maintenance team completed the inspection.,0
The vehicles are ready for inspection. || SIGNAL:Tk9ERS0xNw==,1
The communication network is operating normally. || SIGNAL:QlJBVk8tMDc=,1
The team will meet at the training center tomorrow. || SIGNAL:Q0hFQ0tQT0lOVC0wMw==,1
The meeting has been moved to the main office. || SIGNAL:QUxQSEEtMDE=,1
Update: The maintenance team completed the inspection.,0
THE COMMUNICATION NETWORK IS OPERATING NORMALLY.,0
The team completed the assigned task. || SIGNAL:REVMVEEtMjE=,1
Update: The exercise will continue according to the schedule.,0
The exercise will continue according to the schedule. || SIGNAL:Uk9VVEUtMDg=,1
The daily report has been updated. Thank you.,0
The training session begins after lunch. || SIGNAL:Tk9ERS0xNw==,1
Update: The daily report has been updated.,0
the vehicle maintenance is scheduled for monday.,0
THE TEAM SHOULD ARRIVE AT THE LOCATION BEFORE SUNSET.,0
The personnel briefing starts at eight. || SIGNAL:Uk9VVEUtMDg=,1
THE MAINTENANCE TEAM COMPLETED THE INSPECTION.,0
The team should arrive at the location before sunset. || SIGNAL:Q0hFQ0tQT0lOVC0wMw==,1
The team will meet at the training center tomorrow. || SIGNAL:VEFTSy0wOQ==,1
The vehicles are ready for inspection. Thank you.,0
The unit will conduct routine training this afternoon. || SIGNAL:QlJBVk8tMDc=,1
The equipment inspection will begin at nine. || SIGNAL:QUxQSEEtMDE=,1
The vehicles are ready for inspection. || SIGNAL:U1RBVFVTLVJFRA==,1
The daily report has been updated. || SIGNAL:Uk9VVEUtMDg=,1
The vehicles are ready for inspection. || SIGNAL:QUxQSEEtMDE=,1
the meeting has been moved to the main office.,0
The daily report has been updated. Please confirm.,0
The vehicle maintenance is scheduled for Monday. || SIGNAL:U1RBVFVTLVJFRA==,1
Update: The team will meet at the training center tomorrow.,0
The personnel briefing starts at eight. || SIGNAL:QUxQSEEtMDE=,1
The equipment has been moved to storage. || SIGNAL:U1RBVFVTLVJFRA==,1
The scheduled activity will continue tomorrow. || SIGNAL:VEFTSy0wOQ==,1
The personnel briefing starts at eight. || SIGNAL:REVMVEEtMjE=,1
THE TEAM COMPLETED THE ASSIGNED TASK.,0
The equipment has been moved to storage. Please confirm.,0
the team should arrive at the location before sunset.,0
The logistics report has been submitted. Thank you.,0
The exercise will continue according to the schedule. Please confirm.,0
The equipment has been moved to storage. || SIGNAL:Tk9ERS0xNw==,1
the weather is expected to remain clear today.,0
Update: The report will be submitted before the deadline.,0
The equipment has been moved to storage. || SIGNAL:Tk9ERS0xNw==,1
The supplies are expected to arrive tomorrow. || SIGNAL:Tk9ERS0xNw==,1
The team completed the assigned task. || SIGNAL:QlJBVk8tMDc=,1
the vehicles are ready for inspection.,0
The equipment has been moved to storage. || SIGNAL:U1RBVFVTLUdSRUVO,1
The scheduled activity will continue tomorrow. || SIGNAL:TUlTU0lPTi0xMg==,1
The scheduled activity will continue tomorrow. Please confirm.,0
The unit will conduct routine training this afternoon. Thank you.,0
The maintenance team completed the inspection. Thank you.,0
the team should arrive at the location before sunset.,0
The personnel briefing starts at eight.,0
The training session begins after lunch. || SIGNAL:REVMVEEtMjE=,1
The team completed the assigned task. || SIGNAL:Tk9ERS0xNw==,1
The supplies are expected to arrive tomorrow.,0
The training session begins after lunch. Please confirm.,0
The daily report has been updated. || SIGNAL:U1RBVFVTLUdSRUVO,1
The weather is expected to remain clear today. Please confirm.,0
THE TEAM COMPLETED THE ASSIGNED TASK.,0
The team completed the assigned task. || SIGNAL:U1RBVFVTLUdSRUVO,1
The team completed the assigned task. || SIGNAL:REVMVEEtMjE=,1
The equipment inspection will begin at nine. || SIGNAL:U1RBVFVTLUdSRUVO,1
The unit will conduct routine training this afternoon.,0
The logistics report has been submitted. || SIGNAL:U1RBVFVTLVJFRA==,1
THE MEETING HAS BEEN MOVED TO THE MAIN OFFICE.,0
The exercise will continue according to the schedule. || SIGNAL:VEFTSy0wOQ==,1
The vehicles are ready for inspection. Please confirm.,0
the unit will conduct routine training this afternoon.,0
The exercise will continue according to the schedule.,0
The team completed the assigned task. || SIGNAL:REVMVEEtMjE=,1
The team will meet at the training center tomorrow. Please confirm.,0
The team will meet at the training center tomorrow. Please confirm.,0
The weather is expected to remain clear today. || SIGNAL:QUxQSEEtMDE=,1
The weather is expected to remain clear today. || SIGNAL:Uk9VVEUtMDg=,1
The exercise will continue according to the schedule. || SIGNAL:TUlTU0lPTi0xMg==,1
the supplies are expected to arrive tomorrow.,0
The equipment has been moved to storage. || SIGNAL:VEFTSy0wOQ==,1
The supplies are expected to arrive tomorrow. Please confirm.,0
The report will be submitted before the deadline. Please confirm.,0
the logistics report has been submitted.,0
The daily report has been updated. || SIGNAL:REVMVEEtMjE=,1
The logistics report has been submitted. || SIGNAL:TUlTU0lPTi0xMg==,1
The daily report has been updated. || SIGNAL:U1RBVFVTLUdSRUVO,1
The personnel briefing starts at eight. || SIGNAL:REVMVEEtMjE=,1
The equipment has been moved to storage. || SIGNAL:Tk9ERS0xNw==,1
The report will be submitted before the deadline. || SIGNAL:VEFTSy0wOQ==,1
The unit will conduct routine training this afternoon. || SIGNAL:Tk9ERS0xNw==,1
The team will meet at the training center tomorrow. || SIGNAL:TUlTU0lPTi0xMg==,1
The personnel briefing starts at eight. || SIGNAL:U1RBVFVTLVJFRA==,1
The report will be submitted before the deadline. || SIGNAL:QlJBVk8tMDc=,1
The logistics report has been submitted. Please confirm.,0
the equipment inspection will begin at nine.,0
The equipment inspection will begin at nine. || SIGNAL:QlJBVk8tMDc=,1
The training session begins after lunch. || SIGNAL:U1RBVFVTLUdSRUVO,1
Update: The vehicle maintenance is scheduled for Monday.,0
The daily report has been updated. || SIGNAL:QlJBVk8tMDc=,1
The logistics report has been submitted.,0
The unit will conduct routine training this afternoon. Please confirm.,0
The scheduled activity will continue tomorrow. || SIGNAL:QlJBVk8tMDc=,1
The training session begins after lunch. || SIGNAL:Q0hFQ0tQT0lOVC0wMw==,1
THE EQUIPMENT HAS BEEN MOVED TO STORAGE.,0
The team should arrive at the location before sunset. || SIGNAL:U1RBVFVTLUdSRUVO,1
The maintenance team completed the inspection. || SIGNAL:TUlTU0lPTi0xMg==,1
The weather is expected to remain clear today.,0
The report will be submitted before the deadline. Thank you.,0
The communication network is operating normally. || SIGNAL:Tk9ERS0xNw==,1
The supplies are expected to arrive tomorrow. || SIGNAL:Tk9ERS0xNw==,1
THE COMMUNICATION NETWORK IS OPERATING NORMALLY.,0
The equipment has been moved to storage. || SIGNAL:TUlTU0lPTi0xMg==,1
The personnel briefing starts at eight. || SIGNAL:VEFTSy0wOQ==,1
The scheduled activity will continue tomorrow. Please confirm.,0
THE EQUIPMENT INSPECTION WILL BEGIN AT NINE.,0
The maintenance team completed the inspection. Thank you.,0
The daily report has been updated. || SIGNAL:VEFTSy0wOQ==,1
The daily report has been updated. || SIGNAL:REVMVEEtMjE=,1
The meeting has been moved to the main office. || SIGNAL:U1RBVFVTLUdSRUVO,1
The team will meet at the training center tomorrow. || SIGNAL:TUlTU0lPTi0xMg==,1
The communication network is operating normally. Please confirm.,0
The scheduled activity will continue tomorrow. || SIGNAL:QlJBVk8tMDc=,1
The report will be submitted before the deadline. Thank you.,0
The training session begins after lunch. Please confirm.,0
the weather is expected to remain clear today.,0
The daily report has been updated. || SIGNAL:TUlTU0lPTi0xMg==,1
the training session begins after lunch.,0
The vehicle maintenance is scheduled for Monday. || SIGNAL:Uk9VVEUtMDg=,1
The unit will conduct routine training this afternoon. Please confirm.,0
The exercise will continue according to the schedule. || SIGNAL:VEFTSy0wOQ==,1
The exercise will continue according to the schedule. || SIGNAL:Uk9VVEUtMDg=,1
The exercise will continue according to the schedule. || SIGNAL:Q0hFQ0tQT0lOVC0wMw==,1
The training session begins after lunch.,0
THE MEETING HAS BEEN MOVED TO THE MAIN OFFICE.,0
The equipment has been moved to storage. || SIGNAL:QlJBVk8tMDc=,1
Update: The meeting has been moved to the main office.,0
The vehicle maintenance is scheduled for Monday. || SIGNAL:Uk9VVEUtMDg=,1
The personnel briefing starts at eight. || SIGNAL:VEFTSy0wOQ==,1
The training session begins after lunch. || SIGNAL:Tk9ERS0xNw==,1
The team will meet at the training center tomorrow. Thank you.,0
The equipment has been moved to storage. || SIGNAL:U1RBVFVTLUdSRUVO,1
Update: The maintenance team completed the inspection.,0
The team will meet at the training center tomorrow.,0
The team completed the assigned task. || SIGNAL:QUxQSEEtMDE=,1
The team should arrive at the location before sunset. || SIGNAL:TUlTU0lPTi0xMg==,1
The daily report has been updated. || SIGNAL:VEFTSy0wOQ==,1
The scheduled activity will continue tomorrow. || SIGNAL:U1RBVFVTLVJFRA==,1
The vehicle maintenance is scheduled for Monday. || SIGNAL:Uk9VVEUtMDg=,1
The meeting has been moved to the main office. || SIGNAL:QUxQSEEtMDE=,1
The exercise will continue according to the schedule. || SIGNAL:REVMVEEtMjE=,1
The supplies are expected to arrive tomorrow. Please confirm.,0
The vehicle maintenance is scheduled for Monday. || SIGNAL:U1RBVFVTLUdSRUVO,1
The weather is expected to remain clear today. || SIGNAL:TUlTU0lPTi0xMg==,1
THE SCHEDULED ACTIVITY WILL CONTINUE TOMORROW.,0
The equipment has been moved to storage. || SIGNAL:U1RBVFVTLVJFRA==,1
The report will be submitted before the deadline. || SIGNAL:QUxQSEEtMDE=,1
The exercise will continue according to the schedule. Please confirm.,0
THE MAINTENANCE TEAM COMPLETED THE INSPECTION.,0
THE VEHICLE MAINTENANCE IS SCHEDULED FOR MONDAY.,0
The exercise will continue according to the schedule. || SIGNAL:Tk9ERS0xNw==,1
The maintenance team completed the inspection.,0
The daily report has been updated. || SIGNAL:QlJBVk8tMDc=,1
The communication network is operating normally. || SIGNAL:REVMVEEtMjE=,1
The maintenance team completed the inspection. || SIGNAL:VEFTSy0wOQ==,1
The weather is expected to remain clear today. || SIGNAL:Uk9VVEUtMDg=,1
The personnel briefing starts at eight. || SIGNAL:U1RBVFVTLVJFRA==,1
the equipment inspection will begin at nine.,0
The personnel briefing starts at eight. || SIGNAL:Uk9VVEUtMDg=,1
The supplies are expected to arrive tomorrow. Please confirm.,0
THE TEAM WILL MEET AT THE TRAINING CENTER TOMORROW.,0
The unit will conduct routine training this afternoon. Please confirm.,0
The personnel briefing starts at eight. Please confirm.,0
The training session begins after lunch. || SIGNAL:QUxQSEEtMDE=,1
The team should arrive at the location before sunset. Thank you.,0
The meeting has been moved to the main office.,0
The maintenance team completed the inspection. || SIGNAL:Tk9ERS0xNw==,1
The team will meet at the training center tomorrow. || SIGNAL:Uk9VVEUtMDg=,1
The personnel briefing starts at eight. || SIGNAL:QlJBVk8tMDc=,1
Update: The team completed the assigned task.,0
The equipment inspection will begin at nine.,0
Update: The daily report has been updated.,0
The team will meet at the training center tomorrow. || SIGNAL:QUxQSEEtMDE=,1
The report will be submitted before the deadline. || SIGNAL:VEFTSy0wOQ==,1
The equipment inspection will begin at nine. || SIGNAL:QlJBVk8tMDc=,1
The team completed the assigned task. || SIGNAL:TUlTU0lPTi0xMg==,1
The team will meet at the training center tomorrow. || SIGNAL:REVMVEEtMjE=,1
The unit will conduct routine training this afternoon.,0
The vehicle maintenance is scheduled for Monday.,0
The communication network is operating normally. || SIGNAL:Tk9ERS0xNw==,1
the communication network is operating normally.,0
The team should arrive at the location before sunset. || SIGNAL:Uk9VVEUtMDg=,1
The scheduled activity will continue tomorrow. Thank you.,0
Update: The logistics report has been submitted.,0
The report will be submitted before the deadline. || SIGNAL:REVMVEEtMjE=,1
The meeting has been moved to the main office. || SIGNAL:U1RBVFVTLVJFRA==,1
The equipment has been moved to storage. Thank you.,0
The personnel briefing starts at eight. || SIGNAL:VEFTSy0wOQ==,1
THE TEAM COMPLETED THE ASSIGNED TASK.,0
The report will be submitted before the deadline. Please confirm.,0
The vehicles are ready for inspection. Thank you.,0
The scheduled activity will continue tomorrow. || SIGNAL:Tk9ERS0xNw==,1
The report will be submitted before the deadline. Please confirm.,0
The maintenance team completed the inspection.,0
the team completed the assigned task.,0
The supplies are expected to arrive tomorrow. || SIGNAL:REVMVEEtMjE=,1
The team should arrive at the location before sunset. || SIGNAL:TUlTU0lPTi0xMg==,1
The report will be submitted before the deadline. || SIGNAL:TUlTU0lPTi0xMg==,1
The training session begins after lunch. || SIGNAL:QlJBVk8tMDc=,1
The exercise will continue according to the schedule. Thank you.,0
The daily report has been updated. || SIGNAL:U1RBVFVTLUdSRUVO,1
The scheduled activity will continue tomorrow. || SIGNAL:U1RBVFVTLUdSRUVO,1
The equipment has been moved to storage. || SIGNAL:U1RBVFVTLUdSRUVO,1
The unit will conduct routine training this afternoon. || SIGNAL:Uk9VVEUtMDg=,1
Update: The report will be submitted before the deadline.,0
The communication network is operating normally. || SIGNAL:Uk9VVEUtMDg=,1
the meeting has been moved to the main office.,0
The personnel briefing starts at eight. || SIGNAL:QlJBVk8tMDc=,1
The weather is expected to remain clear today. Thank you.,0
The team will meet at the training center tomorrow. Thank you.,0
The logistics report has been submitted. || SIGNAL:VEFTSy0wOQ==,1
The scheduled activity will continue tomorrow. || SIGNAL:TUlTU0lPTi0xMg==,1
Update: The supplies are expected to arrive tomorrow.,0
The weather is expected to remain clear today. || SIGNAL:QUxQSEEtMDE=,1
The daily report has been updated. || SIGNAL:QlJBVk8tMDc=,1
the personnel briefing starts at eight.,0
The equipment inspection will begin at nine. Thank you.,0
The team completed the assigned task.,0
The training session begins after lunch. || SIGNAL:Q0hFQ0tQT0lOVC0wMw==,1
THE VEHICLE MAINTENANCE IS SCHEDULED FOR MONDAY.,0
THE MEETING HAS BEEN MOVED TO THE MAIN OFFICE.,0
The meeting has been moved to the main office.,0
THE EXERCISE WILL CONTINUE ACCORDING TO THE SCHEDULE.,0
Update: The vehicles are ready for inspection.,0
The equipment has been moved to storage. Thank you.,0
THE SUPPLIES ARE EXPECTED TO ARRIVE TOMORROW.,0
The equipment has been moved to storage. || SIGNAL:TUlTU0lPTi0xMg==,1
The personnel briefing starts at eight. || SIGNAL:U1RBVFVTLVJFRA==,1
The daily report has been updated. || SIGNAL:Uk9VVEUtMDg=,1
The vehicles are ready for inspection. Please confirm.,0
The logistics report has been submitted. || SIGNAL:TUlTU0lPTi0xMg==,1
the daily report has been updated.,0
The supplies are expected to arrive tomorrow. || SIGNAL:TUlTU0lPTi0xMg==,1
THE MEETING HAS BEEN MOVED TO THE MAIN OFFICE.,0
The supplies are expected to arrive tomorrow. || SIGNAL:QlJBVk8tMDc=,1
THE PERSONNEL BRIEFING STARTS AT EIGHT.,0
The equipment inspection will begin at nine.,0
The daily report has been updated. || SIGNAL:QlJBVk8tMDc=,1
The personnel briefing starts at eight. || SIGNAL:U1RBVFVTLVJFRA==,1
The logistics report has been submitted. || SIGNAL:QlJBVk8tMDc=,1
The weather is expected to remain clear today. || SIGNAL:Tk9ERS0xNw==,1
Update: The daily report has been updated.,0
Update: The vehicles are ready for inspection.,0
The team completed the assigned task. || SIGNAL:VEFTSy0wOQ==,1
The supplies are expected to arrive tomorrow. || SIGNAL:QlJBVk8tMDc=,1
the meeting has been moved to the main office.,0
Update: The equipment inspection will begin at nine.,0
The team completed the assigned task. || SIGNAL:TUlTU0lPTi0xMg==,1
The exercise will continue according to the schedule. || SIGNAL:U1RBVFVTLVJFRA==,1
The report will be submitted before the deadline.,0
The vehicle maintenance is scheduled for Monday. Thank you.,0
THE MEETING HAS BEEN MOVED TO THE MAIN OFFICE.,0
The team should arrive at the location before sunset. Please confirm.,0
The team completed the assigned task. || SIGNAL:VEFTSy0wOQ==,1
The logistics report has been submitted. || SIGNAL:Uk9VVEUtMDg=,1
The personnel briefing starts at eight.,0
The meeting has been moved to the main office.,0
Update: The daily report has been updated.,0
The meeting has been moved to the main office.,0
The daily report has been updated. || SIGNAL:QlJBVk8tMDc=,1
The training session begins after lunch. || SIGNAL:Tk9ERS0xNw==,1
The meeting has been moved to the main office. || SIGNAL:QlJBVk8tMDc=,1
THE VEHICLE MAINTENANCE IS SCHEDULED FOR MONDAY.,0
The training session begins after lunch. || SIGNAL:QUxQSEEtMDE=,1
The unit will conduct routine training this afternoon. || SIGNAL:VEFTSy0wOQ==,1
Update: The vehicles are ready for inspection.,0
The exercise will continue according to the schedule. || SIGNAL:QUxQSEEtMDE=,1
The team should arrive at the location before sunset. Thank you.,0
The exercise will continue according to the schedule. Please confirm.,0
The weather is expected to remain clear today. || SIGNAL:QUxQSEEtMDE=,1
The weather is expected to remain clear today. || SIGNAL:VEFTSy0wOQ==,1
The team will meet at the training center tomorrow. || SIGNAL:QUxQSEEtMDE=,1
The team will meet at the training center tomorrow. || SIGNAL:U1RBVFVTLVJFRA==,1
The daily report has been updated. Please confirm.,0
The communication network is operating normally. || SIGNAL:QUxQSEEtMDE=,1
The weather is expected to remain clear today. || SIGNAL:Tk9ERS0xNw==,1
the training session begins after lunch.,0
The logistics report has been submitted. || SIGNAL:Q0hFQ0tQT0lOVC0wMw==,1
The personnel briefing starts at eight. || SIGNAL:Uk9VVEUtMDg=,1
The supplies are expected to arrive tomorrow. || SIGNAL:QlJBVk8tMDc=,1
The meeting has been moved to the main office. || SIGNAL:VEFTSy0wOQ==,1
The team should arrive at the location before sunset. || SIGNAL:Uk9VVEUtMDg=,1
The daily report has been updated. || SIGNAL:Tk9ERS0xNw==,1
The vehicles are ready for inspection. Thank you.,0
The daily report has been updated. || SIGNAL:Tk9ERS0xNw==,1
THE MAINTENANCE TEAM COMPLETED THE INSPECTION.,0
the team should arrive at the location before sunset.,0
The team will meet at the training center tomorrow. || SIGNAL:TUlTU0lPTi0xMg==,1
The supplies are expected to arrive tomorrow. Thank you.,0
THE EXERCISE WILL CONTINUE ACCORDING TO THE SCHEDULE.,0
The scheduled activity will continue tomorrow. || SIGNAL:U1RBVFVTLUdSRUVO,1
The scheduled activity will continue tomorrow. || SIGNAL:REVMVEEtMjE=,1
The vehicles are ready for inspection. || SIGNAL:QUxQSEEtMDE=,1
the training session begins after lunch.,0
The personnel briefing starts at eight. || SIGNAL:VEFTSy0wOQ==,1
The supplies are expected to arrive tomorrow. || SIGNAL:U1RBVFVTLVJFRA==,1
The team completed the assigned task.,0
THE SCHEDULED ACTIVITY WILL CONTINUE TOMORROW.,0
Update: The maintenance team completed the inspection.,0
The vehicle maintenance is scheduled for Monday. || SIGNAL:Tk9ERS0xNw==,1
The equipment inspection will begin at nine. || SIGNAL:REVMVEEtMjE=,1
The personnel briefing starts at eight. || SIGNAL:Tk9ERS0xNw==,1
The team should arrive at the location before sunset. Please confirm.,0
The communication network is operating normally. || SIGNAL:REVMVEEtMjE=,1
The logistics report has been submitted. || SIGNAL:TUlTU0lPTi0xMg==,1
The scheduled activity will continue tomorrow. || SIGNAL:QUxQSEEtMDE=,1
THE EQUIPMENT INSPECTION WILL BEGIN AT NINE.,0
THE WEATHER IS EXPECTED TO REMAIN CLEAR TODAY.,0
The supplies are expected to arrive tomorrow. || SIGNAL:VEFTSy0wOQ==,1
The exercise will continue according to the schedule. Thank you.,0
The training session begins after lunch. Thank you.,0
Update: The team should arrive at the location before sunset.,0
The unit will conduct routine training this afternoon. || SIGNAL:TUlTU0lPTi0xMg==,1
The communication network is operating normally. || SIGNAL:QlJBVk8tMDc=,1
The scheduled activity will continue tomorrow. || SIGNAL:QUxQSEEtMDE=,1
The logistics report has been submitted. || SIGNAL:U1RBVFVTLVJFRA==,1
The meeting has been moved to the main office.,0
The team should arrive at the location before sunset. || SIGNAL:TUlTU0lPTi0xMg==,1
The logistics report has been submitted. || SIGNAL:U1RBVFVTLVJFRA==,1
THE LOGISTICS REPORT HAS BEEN SUBMITTED.,0
The scheduled activity will continue tomorrow. Thank you.,0
The team should arrive at the location before sunset. || SIGNAL:U1RBVFVTLVJFRA==,1
The meeting has been moved to the main office. || SIGNAL:Q0hFQ0tQT0lOVC0wMw==,1
THE MEETING HAS BEEN MOVED TO THE MAIN OFFICE.,0
The report will be submitted before the deadline. || SIGNAL:VEFTSy0wOQ==,1
THE EQUIPMENT HAS BEEN MOVED TO STORAGE.,0
The meeting has been moved to the main office. || SIGNAL:QUxQSEEtMDE=,1
THE TEAM WILL MEET AT THE TRAINING CENTER TOMORROW.,0
Update: The team should arrive at the location before sunset.,0
THE PERSONNEL BRIEFING STARTS AT EIGHT.,0
The equipment inspection will begin at nine.,0
Update: The team completed the assigned task.,0
The daily report has been updated. || SIGNAL:REVMVEEtMjE=,1
The report will be submitted before the deadline. || SIGNAL:Uk9VVEUtMDg=,1
The daily report has been updated. || SIGNAL:REVMVEEtMjE=,1
The training session begins after lunch. || SIGNAL:REVMVEEtMjE=,1
The vehicles are ready for inspection. || SIGNAL:Uk9VVEUtMDg=,1
The maintenance team completed the inspection. || SIGNAL:Q0hFQ0tQT0lOVC0wMw==,1
The team will meet at the training center tomorrow. || SIGNAL:TUlTU0lPTi0xMg==,1
The team will meet at the training center tomorrow. || SIGNAL:Tk9ERS0xNw==,1
The team should arrive at the location before sunset. || SIGNAL:VEFTSy0wOQ==,1
The vehicle maintenance is scheduled for Monday. Thank you.,0
Update: The meeting has been moved to the main office.,0
The vehicle maintenance is scheduled for Monday. Thank you.,0
The maintenance team completed the inspection. || SIGNAL:Q0hFQ0tQT0lOVC0wMw==,1
The unit will conduct routine training this afternoon. Thank you.,0
The daily report has been updated. || SIGNAL:VEFTSy0wOQ==,1
THE COMMUNICATION NETWORK IS OPERATING NORMALLY.,0
The vehicles are ready for inspection. || SIGNAL:TUlTU0lPTi0xMg==,1
the equipment has been moved to storage.,0
The scheduled activity will continue tomorrow. || SIGNAL:REVMVEEtMjE=,1
The team completed the assigned task. Thank you.,0
The training session begins after lunch. || SIGNAL:U1RBVFVTLVJFRA==,1
The communication network is operating normally. Please confirm.,0
The vehicle maintenance is scheduled for Monday. || SIGNAL:U1RBVFVTLVJFRA==,1
The vehicle maintenance is scheduled for Monday.,0
The team completed the assigned task. Thank you.,0
The equipment has been moved to storage.,0
THE COMMUNICATION NETWORK IS OPERATING NORMALLY.,0
The training session begins after lunch. Thank you.,0
THE EXERCISE WILL CONTINUE ACCORDING TO THE SCHEDULE.,0
The team will meet at the training center tomorrow. || SIGNAL:Q0hFQ0tQT0lOVC0wMw==,1
The scheduled activity will continue tomorrow. || SIGNAL:TUlTU0lPTi0xMg==,1
The daily report has been updated. || SIGNAL:QlJBVk8tMDc=,1
The exercise will continue according to the schedule. Thank you.,0
the team will meet at the training center tomorrow.,0
The exercise will continue according to the schedule. || SIGNAL:Tk9ERS0xNw==,1
The maintenance team completed the inspection. Thank you.,0
The communication network is operating normally. || SIGNAL:U1RBVFVTLVJFRA==,1
the scheduled activity will continue tomorrow.,0
The report will be submitted before the deadline. Please confirm.,0
The team should arrive at the location before sunset. || SIGNAL:TUlTU0lPTi0xMg==,1
THE COMMUNICATION NETWORK IS OPERATING NORMALLY.,0
THE MAINTENANCE TEAM COMPLETED THE INSPECTION.,0
The maintenance team completed the inspection. || SIGNAL:U1RBVFVTLUdSRUVO,1
The communication network is operating normally. || SIGNAL:Uk9VVEUtMDg=,1
The maintenance team completed the inspection. || SIGNAL:U1RBVFVTLVJFRA==,1
The weather is expected to remain clear today. Please confirm.,0
Update: The team completed the assigned task.,0
The equipment inspection will begin at nine. || SIGNAL:REVMVEEtMjE=,1
The vehicles are ready for inspection.,0
The unit will conduct routine training this afternoon.,0
Update: The team will meet at the training center tomorrow.,0
The scheduled activity will continue tomorrow. || SIGNAL:Uk9VVEUtMDg=,1
The maintenance team completed the inspection. Please confirm.,0
The meeting has been moved to the main office. || SIGNAL:U1RBVFVTLVJFRA==,1
The scheduled activity will continue tomorrow. || SIGNAL:TUlTU0lPTi0xMg==,1
the equipment inspection will begin at nine.,0
The equipment inspection will begin at nine. || SIGNAL:QlJBVk8tMDc=,1
The scheduled activity will continue tomorrow. || SIGNAL:TUlTU0lPTi0xMg==,1
The report will be submitted before the deadline. Thank you.,0
The scheduled activity will continue tomorrow. || SIGNAL:QlJBVk8tMDc=,1
The supplies are expected to arrive tomorrow. || SIGNAL:Uk9VVEUtMDg=,1
The daily report has been updated.,0
the team completed the assigned task.,0
Update: The vehicles are ready for inspection.,0
The equipment inspection will begin at nine. || SIGNAL:Uk9VVEUtMDg=,1
Update: The vehicle maintenance is scheduled for Monday.,0
The training session begins after lunch. || SIGNAL:Q0hFQ0tQT0lOVC0wMw==,1
Update: The team will meet at the training center tomorrow.,0
The training session begins after lunch. Please confirm.,0
Update: The equipment inspection will begin at nine.,0
Update: The training session begins after lunch.,0
The communication network is operating normally. Thank you.,0
The logistics report has been submitted. || SIGNAL:Q0hFQ0tQT0lOVC0wMw==,1
Update: The vehicles are ready for inspection.,0
Update: The supplies are expected to arrive tomorrow.,0
The communication network is operating normally. || SIGNAL:U1RBVFVTLUdSRUVO,1
The meeting has been moved to the main office. Thank you.,0
THE VEHICLE MAINTENANCE IS SCHEDULED FOR MONDAY.,0
The equipment inspection will begin at nine. || SIGNAL:U1RBVFVTLVJFRA==,1
The team should arrive at the location before sunset.,0
The maintenance team completed the inspection. || SIGNAL:VEFTSy0wOQ==,1
The supplies are expected to arrive tomorrow. || SIGNAL:QlJBVk8tMDc=,1
the exercise will continue according to the schedule.,0
The meeting has been moved to the main office. || SIGNAL:QlJBVk8tMDc=,1
The communication network is operating normally. || SIGNAL:QUxQSEEtMDE=,1
The daily report has been updated. || SIGNAL:REVMVEEtMjE=,1
The equipment has been moved to storage. || SIGNAL:QlJBVk8tMDc=,1
The personnel briefing starts at eight. || SIGNAL:Q0hFQ0tQT0lOVC0wMw==,1
The equipment inspection will begin at nine. || SIGNAL:Q0hFQ0tQT0lOVC0wMw==,1
The unit will conduct routine training this afternoon. || SIGNAL:Q0hFQ0tQT0lOVC0wMw==,1
The logistics report has been submitted. Thank you.,0
The vehicles are ready for inspection. || SIGNAL:QUxQSEEtMDE=,1
the equipment has been moved to storage.,0
The meeting has been moved to the main office. Please confirm.,0
The daily report has been updated. || SIGNAL:Tk9ERS0xNw==,1
THE UNIT WILL CONDUCT ROUTINE TRAINING THIS AFTERNOON.,0
The communication network is operating normally. Thank you.,0
The unit will conduct routine training this afternoon.,0
Update: The exercise will continue according to the schedule.,0
The supplies are expected to arrive tomorrow.,0
The maintenance team completed the inspection. Thank you.,0
the weather is expected to remain clear today.,0
The supplies are expected to arrive tomorrow. || SIGNAL:QlJBVk8tMDc=,1
Update: The weather is expected to remain clear today.,0
The logistics report has been submitted. || SIGNAL:U1RBVFVTLVJFRA==,1
THE TEAM SHOULD ARRIVE AT THE LOCATION BEFORE SUNSET.,0
THE PERSONNEL BRIEFING STARTS AT EIGHT.,0
The daily report has been updated.,0
The unit will conduct routine training this afternoon. || SIGNAL:QUxQSEEtMDE=,1
The team completed the assigned task. Please confirm.,0
The vehicles are ready for inspection. || SIGNAL:U1RBVFVTLVJFRA==,1
The report will be submitted before the deadline. || SIGNAL:TUlTU0lPTi0xMg==,1
The team will meet at the training center tomorrow. Thank you.,0
THE TEAM WILL MEET AT THE TRAINING CENTER TOMORROW.,0
THE TEAM COMPLETED THE ASSIGNED TASK.,0
The exercise will continue according to the schedule. Please confirm.,0
Update: The exercise will continue according to the schedule.,0
THE VEHICLE MAINTENANCE IS SCHEDULED FOR MONDAY.,0
The vehicle maintenance is scheduled for Monday. || SIGNAL:TUlTU0lPTi0xMg==,1
The daily report has been updated. || SIGNAL:TUlTU0lPTi0xMg==,1
Update: The team completed the assigned task.,0
THE PERSONNEL BRIEFING STARTS AT EIGHT.,0
The team will meet at the training center tomorrow. || SIGNAL:REVMVEEtMjE=,1
The equipment inspection will begin at nine. || SIGNAL:QUxQSEEtMDE=,1
The equipment has been moved to storage. Please confirm.,0
The vehicle maintenance is scheduled for Monday. || SIGNAL:U1RBVFVTLUdSRUVO,1
the supplies are expected to arrive tomorrow.,0
the supplies are expected to arrive tomorrow.,0
Update: The equipment inspection will begin at nine.,0
The equipment has been moved to storage.,0
the logistics report has been submitted.,0
the team should arrive at the location before sunset.,0
The equipment has been moved to storage. || SIGNAL:U1RBVFVTLUdSRUVO,1
The equipment inspection will begin at nine. || SIGNAL:Q0hFQ0tQT0lOVC0wMw==,1
The training session begins after lunch. || SIGNAL:TUlTU0lPTi0xMg==,1
The equipment has been moved to storage. || SIGNAL:Tk9ERS0xNw==,1
THE COMMUNICATION NETWORK IS OPERATING NORMALLY.,0
The personnel briefing starts at eight. || SIGNAL:Uk9VVEUtMDg=,1
The vehicles are ready for inspection. Thank you.,0
The supplies are expected to arrive tomorrow. || SIGNAL:Tk9ERS0xNw==,1
The report will be submitted before the deadline. || SIGNAL:QlJBVk8tMDc=,1
The team will meet at the training center tomorrow. || SIGNAL:VEFTSy0wOQ==,1
The exercise will continue according to the schedule. Please confirm.,0
The scheduled activity will continue tomorrow. || SIGNAL:TUlTU0lPTi0xMg==,1
The meeting has been moved to the main office. || SIGNAL:QlJBVk8tMDc=,1
Update: The daily report has been updated.,0
The unit will conduct routine training this afternoon. || SIGNAL:TUlTU0lPTi0xMg==,1
The report will be submitted before the deadline.,0
The exercise will continue according to the schedule.,0
The report will be submitted before the deadline. || SIGNAL:QlJBVk8tMDc=,1
The team will meet at the training center tomorrow. Thank you.,0
The weather is expected to remain clear today. || SIGNAL:VEFTSy0wOQ==,1
The maintenance team completed the inspection. || SIGNAL:QlJBVk8tMDc=,1
The exercise will continue according to the schedule. Please confirm.,0
Update: The vehicle maintenance is scheduled for Monday.,0
THE MEETING HAS BEEN MOVED TO THE MAIN OFFICE.,0
the equipment has been moved to storage.,0
The communication network is operating normally. || SIGNAL:REVMVEEtMjE=,1
The team will meet at the training center tomorrow. Please confirm.,0
THE EQUIPMENT INSPECTION WILL BEGIN AT NINE.,0
the equipment has been moved to storage.,0
The weather is expected to remain clear today. || SIGNAL:QUxQSEEtMDE=,1
The team completed the assigned task. || SIGNAL:Tk9ERS0xNw==,1
The report will be submitted before the deadline. || SIGNAL:U1RBVFVTLVJFRA==,1
The personnel briefing starts at eight. || SIGNAL:Q0hFQ0tQT0lOVC0wMw==,1
The personnel briefing starts at eight. || SIGNAL:QUxQSEEtMDE=,1
The equipment inspection will begin at nine. Thank you.,0
Update: The exercise will continue according to the schedule.,0
The logistics report has been submitted. || SIGNAL:Q0hFQ0tQT0lOVC0wMw==,1
The team should arrive at the location before sunset. || SIGNAL:REVMVEEtMjE=,1
the exercise will continue according to the schedule.,0
The supplies are expected to arrive tomorrow. Thank you.,0
Update: The daily report has been updated.,0
the report will be submitted before the deadline.,0
The training session begins after lunch. || SIGNAL:REVMVEEtMjE=,1
THE EQUIPMENT INSPECTION WILL BEGIN AT NINE.,0
The personnel briefing starts at eight. || SIGNAL:QlJBVk8tMDc=,1
The logistics report has been submitted. || SIGNAL:U1RBVFVTLUdSRUVO,1
The report will be submitted before the deadline. || SIGNAL:TUlTU0lPTi0xMg==,1
Update: The weather is expected to remain clear today.,0
The report will be submitted before the deadline. Thank you.,0
The meeting has been moved to the main office.,0
the vehicles are ready for inspection.,0
The communication network is operating normally. Thank you.,0
The supplies are expected to arrive tomorrow. || SIGNAL:VEFTSy0wOQ==,1
The equipment inspection will begin at nine. || SIGNAL:QlJBVk8tMDc=,1
The exercise will continue according to the schedule. || SIGNAL:U1RBVFVTLUdSRUVO,1
The weather is expected to remain clear today. Please confirm.,0
The equipment inspection will begin at nine. Please confirm.,0
The team completed the assigned task. Thank you.,0
The training session begins after lunch. || SIGNAL:REVMVEEtMjE=,1
THE VEHICLES ARE READY FOR INSPECTION.,0
The vehicles are ready for inspection.,0
The unit will conduct routine training this afternoon. || SIGNAL:REVMVEEtMjE=,1
The exercise will continue according to the schedule. || SIGNAL:Q0hFQ0tQT0lOVC0wMw==,1
THE PERSONNEL BRIEFING STARTS AT EIGHT.,0
Update: The exercise will continue according to the schedule.,0
The maintenance team completed the inspection. || SIGNAL:U1RBVFVTLUdSRUVO,1
The logistics report has been submitted. || SIGNAL:Tk9ERS0xNw==,1
The vehicles are ready for inspection. || SIGNAL:Uk9VVEUtMDg=,1
The team completed the assigned task. || SIGNAL:QUxQSEEtMDE=,1
The team completed the assigned task.,0
The communication network is operating normally. Please confirm.,0
Update: The personnel briefing starts at eight.,0
The communication network is operating normally. || SIGNAL:REVMVEEtMjE=,1
The vehicle maintenance is scheduled for Monday. Thank you.,0
The communication network is operating normally. || SIGNAL:Uk9VVEUtMDg=,1
The weather is expected to remain clear today. Thank you.,0
The daily report has been updated.,0
Update: The report will be submitted before the deadline.,0
The vehicle maintenance is scheduled for Monday. || SIGNAL:U1RBVFVTLUdSRUVO,1
the team will meet at the training center tomorrow.,0
The weather is expected to remain clear today. || SIGNAL:Q0hFQ0tQT0lOVC0wMw==,1
The report will be submitted before the deadline. || SIGNAL:VEFTSy0wOQ==,1
The equipment has been moved to storage. || SIGNAL:U1RBVFVTLUdSRUVO,1
The equipment has been moved to storage. || SIGNAL:QUxQSEEtMDE=,1
Update: The supplies are expected to arrive tomorrow.,0
THE VEHICLES ARE READY FOR INSPECTION.,0
The meeting has been moved to the main office. || SIGNAL:U1RBVFVTLUdSRUVO,1
The report will be submitted before the deadline. || SIGNAL:TUlTU0lPTi0xMg==,1
Update: The logistics report has been submitted.,0
The vehicles are ready for inspection. Thank you.,0
The team completed the assigned task. || SIGNAL:VEFTSy0wOQ==,1
the vehicles are ready for inspection.,0
The unit will conduct routine training this afternoon.,0
The team will meet at the training center tomorrow. || SIGNAL:VEFTSy0wOQ==,1
the equipment inspection will begin at nine.,0
The maintenance team completed the inspection. || SIGNAL:REVMVEEtMjE=,1
The supplies are expected to arrive tomorrow. || SIGNAL:Q0hFQ0tQT0lOVC0wMw==,1
The report will be submitted before the deadline.,0
the supplies are expected to arrive tomorrow.,0
THE TRAINING SESSION BEGINS AFTER LUNCH.,0
The equipment inspection will begin at nine. || SIGNAL:QUxQSEEtMDE=,1
The maintenance team completed the inspection. || SIGNAL:U1RBVFVTLVJFRA==,1
The communication network is operating normally.,0
The report will be submitted before the deadline. || SIGNAL:VEFTSy0wOQ==,1
The supplies are expected to arrive tomorrow. || SIGNAL:U1RBVFVTLVJFRA==,1
The communication network is operating normally.,0
The logistics report has been submitted. Please confirm.,0
The personnel briefing starts at eight. || SIGNAL:QUxQSEEtMDE=,1
The training session begins after lunch. || SIGNAL:TUlTU0lPTi0xMg==,1
The vehicles are ready for inspection. Thank you.,0
The meeting has been moved to the main office. || SIGNAL:Tk9ERS0xNw==,1
The supplies are expected to arrive tomorrow. || SIGNAL:Tk9ERS0xNw==,1
The daily report has been updated. Please confirm.,0
The logistics report has been submitted. Please confirm.,0
The daily report has been updated. || SIGNAL:QUxQSEEtMDE=,1
The training session begins after lunch. || SIGNAL:Uk9VVEUtMDg=,1
The meeting has been moved to the main office. || SIGNAL:VEFTSy0wOQ==,1
THE SUPPLIES ARE EXPECTED TO ARRIVE TOMORROW.,0
The unit will conduct routine training this afternoon. || SIGNAL:U1RBVFVTLUdSRUVO,1
The communication network is operating normally. || SIGNAL:Q0hFQ0tQT0lOVC0wMw==,1
The daily report has been updated. || SIGNAL:VEFTSy0wOQ==,1
The vehicle maintenance is scheduled for Monday. || SIGNAL:VEFTSy0wOQ==,1
The vehicles are ready for inspection. || SIGNAL:QUxQSEEtMDE=,1
The vehicle maintenance is scheduled for Monday. || SIGNAL:REVMVEEtMjE=,1
The equipment has been moved to storage. || SIGNAL:VEFTSy0wOQ==,1
the report will be submitted before the deadline.,0
The maintenance team completed the inspection. || SIGNAL:VEFTSy0wOQ==,1
The report will be submitted before the deadline. || SIGNAL:Tk9ERS0xNw==,1
The team should arrive at the location before sunset. Thank you.,0
the training session begins after lunch.,0
The equipment has been moved to storage.,0
The team will meet at the training center tomorrow. || SIGNAL:Tk9ERS0xNw==,1
the logistics report has been submitted.,0
The equipment inspection will begin at nine. Please confirm.,0
The daily report has been updated. || SIGNAL:Tk9ERS0xNw==,1
THE EQUIPMENT INSPECTION WILL BEGIN AT NINE.,0
The exercise will continue according to the schedule. || SIGNAL:QlJBVk8tMDc=,1
The meeting has been moved to the main office. || SIGNAL:QlJBVk8tMDc=,1
THE LOGISTICS REPORT HAS BEEN SUBMITTED.,0
THE EXERCISE WILL CONTINUE ACCORDING TO THE SCHEDULE.,0
THE WEATHER IS EXPECTED TO REMAIN CLEAR TODAY.,0
the communication network is operating normally.,0
The team should arrive at the location before sunset. || SIGNAL:Q0hFQ0tQT0lOVC0wMw==,1
the meeting has been moved to the main office.,0
The team will meet at the training center tomorrow. || SIGNAL:Uk9VVEUtMDg=,1
The maintenance team completed the inspection. || SIGNAL:REVMVEEtMjE=,1
The personnel briefing starts at eight. || SIGNAL:Q0hFQ0tQT0lOVC0wMw==,1
The team completed the assigned task. || SIGNAL:REVMVEEtMjE=,1
The unit will conduct routine training this afternoon. || SIGNAL:QlJBVk8tMDc=,1
The equipment has been moved to storage. Thank you.,0
The team should arrive at the location before sunset. Please confirm.,0
the supplies are expected to arrive tomorrow.,0
The equipment has been moved to storage. || SIGNAL:REVMVEEtMjE=,1
The supplies are expected to arrive tomorrow. || SIGNAL:VEFTSy0wOQ==,1
The meeting has been moved to the main office.,0
The unit will conduct routine training this afternoon. || SIGNAL:QUxQSEEtMDE=,1
the vehicles are ready for inspection.,0
The weather is expected to remain clear today. || SIGNAL:U1RBVFVTLUdSRUVO,1
The unit will conduct routine training this afternoon. || SIGNAL:Uk9VVEUtMDg=,1
The exercise will continue according to the schedule. || SIGNAL:U1RBVFVTLVJFRA==,1
The vehicle maintenance is scheduled for Monday. || SIGNAL:QUxQSEEtMDE=,1
The team will meet at the training center tomorrow. || SIGNAL:REVMVEEtMjE=,1
The team should arrive at the location before sunset. || SIGNAL:VEFTSy0wOQ==,1
The weather is expected to remain clear today.,0
The maintenance team completed the inspection. || SIGNAL:VEFTSy0wOQ==,1
The daily report has been updated. || SIGNAL:U1RBVFVTLVJFRA==,1
The meeting has been moved to the main office. || SIGNAL:Q0hFQ0tQT0lOVC0wMw==,1
The team should arrive at the location before sunset.,0
The meeting has been moved to the main office.,0
The equipment inspection will begin at nine. || SIGNAL:Q0hFQ0tQT0lOVC0wMw==,1
THE DAILY REPORT HAS BEEN UPDATED.,0
The equipment inspection will begin at nine. || SIGNAL:Q0hFQ0tQT0lOVC0wMw==,1
The communication network is operating normally. || SIGNAL:TUlTU0lPTi0xMg==,1
The weather is expected to remain clear today.,0
The meeting has been moved to the main office. || SIGNAL:QlJBVk8tMDc=,1
The team will meet at the training center tomorrow. || SIGNAL:Q0hFQ0tQT0lOVC0wMw==,1
The scheduled activity will continue tomorrow. || SIGNAL:U1RBVFVTLUdSRUVO,1
The maintenance team completed the inspection. Please confirm.,0
The weather is expected to remain clear today. || SIGNAL:QlJBVk8tMDc=,1
The team will meet at the training center tomorrow. || SIGNAL:TUlTU0lPTi0xMg==,1
THE TEAM COMPLETED THE ASSIGNED TASK.,0
The vehicle maintenance is scheduled for Monday. || SIGNAL:QlJBVk8tMDc=,1
The vehicle maintenance is scheduled for Monday. || SIGNAL:U1RBVFVTLVJFRA==,1
the weather is expected to remain clear today.,0
THE VEHICLES ARE READY FOR INSPECTION.,0
Update: The personnel briefing starts at eight.,0
The vehicle maintenance is scheduled for Monday. || SIGNAL:REVMVEEtMjE=,1
THE LOGISTICS REPORT HAS BEEN SUBMITTED.,0
Update: The weather is expected to remain clear today.,0
The report will be submitted before the deadline. || SIGNAL:U1RBVFVTLUdSRUVO,1
The meeting has been moved to the main office. || SIGNAL:U1RBVFVTLVJFRA==,1
Update: The training session begins after lunch.,0
Update: The weather is expected to remain clear today.,0
The team should arrive at the location before sunset. || SIGNAL:U1RBVFVTLUdSRUVO,1
THE EQUIPMENT INSPECTION WILL BEGIN AT NINE.,0
The daily report has been updated. || SIGNAL:Q0hFQ0tQT0lOVC0wMw==,1
The weather is expected to remain clear today.,0
Update: The personnel briefing starts at eight.,0
The communication network is operating normally.,0
The communication network is operating normally. || SIGNAL:U1RBVFVTLUdSRUVO,1
The team should arrive at the location before sunset. Please confirm.,0
The equipment has been moved to storage. || SIGNAL:QUxQSEEtMDE=,1
The daily report has been updated. Thank you.,0
The daily report has been updated. || SIGNAL:QUxQSEEtMDE=,1
The daily report has been updated.,0
The communication network is operating normally. || SIGNAL:VEFTSy0wOQ==,1
The training session begins after lunch. Thank you.,0
THE LOGISTICS REPORT HAS BEEN SUBMITTED.,0
The meeting has been moved to the main office. || SIGNAL:TUlTU0lPTi0xMg==,1
The report will be submitted before the deadline.,0
THE REPORT WILL BE SUBMITTED BEFORE THE DEADLINE.,0
THE EQUIPMENT INSPECTION WILL BEGIN AT NINE.,0
THE WEATHER IS EXPECTED TO REMAIN CLEAR TODAY.,0
The training session begins after lunch. || SIGNAL:QlJBVk8tMDc=,1
THE EQUIPMENT HAS BEEN MOVED TO STORAGE.,0
the daily report has been updated.,0
The team completed the assigned task. Thank you.,0
the exercise will continue according to the schedule.,0
The team should arrive at the location before sunset. || SIGNAL:QlJBVk8tMDc=,1
The exercise will continue according to the schedule.,0
the equipment inspection will begin at nine.,0
The team will meet at the training center tomorrow. || SIGNAL:REVMVEEtMjE=,1
The team should arrive at the location before sunset. || SIGNAL:VEFTSy0wOQ==,1
The team completed the assigned task. || SIGNAL:Tk9ERS0xNw==,1
The team completed the assigned task. Thank you.,0
Update: The supplies are expected to arrive tomorrow.,0
the team will meet at the training center tomorrow.,0
The team should arrive at the location before sunset. || SIGNAL:TUlTU0lPTi0xMg==,1
The supplies are expected to arrive tomorrow. || SIGNAL:Tk9ERS0xNw==,1
The supplies are expected to arrive tomorrow. || SIGNAL:Uk9VVEUtMDg=,1
THE EXERCISE WILL CONTINUE ACCORDING TO THE SCHEDULE.,0
The training session begins after lunch. Please confirm.,0
the logistics report has been submitted.,0
The vehicle maintenance is scheduled for Monday. || SIGNAL:Tk9ERS0xNw==,1
The team will meet at the training center tomorrow.,0
The team should arrive at the location before sunset. Please confirm.,0
the exercise will continue according to the schedule.,0
The report will be submitted before the deadline. || SIGNAL:Tk9ERS0xNw==,1
The communication network is operating normally. || SIGNAL:TUlTU0lPTi0xMg==,1
The vehicles are ready for inspection. || SIGNAL:REVMVEEtMjE=,1
The scheduled activity will continue tomorrow. || SIGNAL:Tk9ERS0xNw==,1
The daily report has been updated. || SIGNAL:REVMVEEtMjE=,1
the maintenance team completed the inspection.,0
The communication network is operating normally. || SIGNAL:Uk9VVEUtMDg=,1
THE TEAM SHOULD ARRIVE AT THE LOCATION BEFORE SUNSET.,0
The team will meet at the training center tomorrow. || SIGNAL:TUlTU0lPTi0xMg==,1
THE VEHICLES ARE READY FOR INSPECTION.,0
The scheduled activity will continue tomorrow.,0
The training session begins after lunch. || SIGNAL:Tk9ERS0xNw==,1
The exercise will continue according to the schedule. || SIGNAL:QlJBVk8tMDc=,1
The supplies are expected to arrive tomorrow. Please confirm.,0
The vehicle maintenance is scheduled for Monday. || SIGNAL:U1RBVFVTLUdSRUVO,1
The team will meet at the training center tomorrow. Please confirm.,0
The training session begins after lunch.,0
The vehicle maintenance is scheduled for Monday. Thank you.,0
The supplies are expected to arrive tomorrow. || SIGNAL:VEFTSy0wOQ==,1
THE VEHICLE MAINTENANCE IS SCHEDULED FOR MONDAY.,0
the team completed the assigned task.,0
The logistics report has been submitted. || SIGNAL:Tk9ERS0xNw==,1
Update: The exercise will continue according to the schedule.,0
The unit will conduct routine training this afternoon. || SIGNAL:REVMVEEtMjE=,1
Update: The personnel briefing starts at eight.,0
The maintenance team completed the inspection. || SIGNAL:Uk9VVEUtMDg=,1
The scheduled activity will continue tomorrow.,0
The logistics report has been submitted. || SIGNAL:U1RBVFVTLVJFRA==,1
The report will be submitted before the deadline. || SIGNAL:Tk9ERS0xNw==,1
The meeting has been moved to the main office. || SIGNAL:TUlTU0lPTi0xMg==,1
The meeting has been moved to the main office. || SIGNAL:Q0hFQ0tQT0lOVC0wMw==,1
The team will meet at the training center tomorrow. || SIGNAL:Q0hFQ0tQT0lOVC0wMw==,1
The meeting has been moved to the main office. || SIGNAL:REVMVEEtMjE=,1
The team completed the assigned task. Thank you.,0
The equipment inspection will begin at nine. || SIGNAL:REVMVEEtMjE=,1
The team should arrive at the location before sunset. Thank you.,0
The equipment has been moved to storage. Please confirm.,0
The team will meet at the training center tomorrow. || SIGNAL:REVMVEEtMjE=,1
The weather is expected to remain clear today.,0
The report will be submitted before the deadline. Please confirm.,0
The vehicle maintenance is scheduled for Monday.,0
The personnel briefing starts at eight. || SIGNAL:U1RBVFVTLVJFRA==,1
The vehicles are ready for inspection. || SIGNAL:Q0hFQ0tQT0lOVC0wMw==,1
The equipment has been moved to storage. || SIGNAL:Q0hFQ0tQT0lOVC0wMw==,1
The vehicle maintenance is scheduled for Monday. || SIGNAL:U1RBVFVTLVJFRA==,1
The meeting has been moved to the main office. || SIGNAL:QlJBVk8tMDc=,1
Update: The exercise will continue according to the schedule.,0
The scheduled activity will continue tomorrow. Please confirm.,0
THE EQUIPMENT INSPECTION WILL BEGIN AT NINE.,0
Update: The communication network is operating normally.,0
The supplies are expected to arrive tomorrow. || SIGNAL:QUxQSEEtMDE=,1
The personnel briefing starts at eight.,0
The vehicles are ready for inspection. || SIGNAL:U1RBVFVTLVJFRA==,1
The communication network is operating normally. || SIGNAL:QlJBVk8tMDc=,1
The training session begins after lunch. Thank you.,0
The training session begins after lunch. || SIGNAL:REVMVEEtMjE=,1
The team will meet at the training center tomorrow. || SIGNAL:U1RBVFVTLUdSRUVO,1
The exercise will continue according to the schedule. || SIGNAL:QUxQSEEtMDE=,1
The unit will conduct routine training this afternoon. Please confirm.,0
The training session begins after lunch. || SIGNAL:TUlTU0lPTi0xMg==,1
The personnel briefing starts at eight. || SIGNAL:Tk9ERS0xNw==,1
The maintenance team completed the inspection. || SIGNAL:QUxQSEEtMDE=,1
The team completed the assigned task. || SIGNAL:TUlTU0lPTi0xMg==,1
The team will meet at the training center tomorrow. Thank you.,0
The training session begins after lunch. || SIGNAL:U1RBVFVTLVJFRA==,1
The maintenance team completed the inspection. || SIGNAL:U1RBVFVTLVJFRA==,1
The daily report has been updated. || SIGNAL:U1RBVFVTLVJFRA==,1
The equipment inspection will begin at nine. || SIGNAL:Q0hFQ0tQT0lOVC0wMw==,1
The vehicle maintenance is scheduled for Monday. Thank you.,0
The report will be submitted before the deadline. || SIGNAL:QUxQSEEtMDE=,1
The vehicle maintenance is scheduled for Monday. || SIGNAL:Tk9ERS0xNw==,1
The maintenance team completed the inspection. || SIGNAL:REVMVEEtMjE=,1
The equipment has been moved to storage. || SIGNAL:REVMVEEtMjE=,1
The equipment has been moved to storage. || SIGNAL:REVMVEEtMjE=,1
The exercise will continue according to the schedule. Thank you.,0
The unit will conduct routine training this afternoon.,0
The vehicle maintenance is scheduled for Monday. || SIGNAL:VEFTSy0wOQ==,1
the vehicle maintenance is scheduled for monday.,0
The personnel briefing starts at eight. || SIGNAL:U1RBVFVTLVJFRA==,1
The logistics report has been submitted. Thank you.,0
The team should arrive at the location before sunset. Thank you.,0
The exercise will continue according to the schedule. || SIGNAL:QlJBVk8tMDc=,1
The team completed the assigned task. || SIGNAL:VEFTSy0wOQ==,1
The scheduled activity will continue tomorrow. Thank you.,0
The report will be submitted before the deadline. || SIGNAL:QUxQSEEtMDE=,1
THE MAINTENANCE TEAM COMPLETED THE INSPECTION.,0
The equipment inspection will begin at nine. Please confirm.,0
THE TEAM WILL MEET AT THE TRAINING CENTER TOMORROW.,0
The maintenance team completed the inspection. || SIGNAL:QlJBVk8tMDc=,1
The daily report has been updated. || SIGNAL:QUxQSEEtMDE=,1
THE EQUIPMENT INSPECTION WILL BEGIN AT NINE.,0
The daily report has been updated. || SIGNAL:Tk9ERS0xNw==,1
The vehicle maintenance is scheduled for Monday. Thank you.,0
The communication network is operating normally. || SIGNAL:QUxQSEEtMDE=,1
The daily report has been updated. || SIGNAL:TUlTU0lPTi0xMg==,1
The team will meet at the training center tomorrow. Thank you.,0
The personnel briefing starts at eight. || SIGNAL:REVMVEEtMjE=,1
The team should arrive at the location before sunset. || SIGNAL:U1RBVFVTLUdSRUVO,1
Update: The daily report has been updated.,0
The vehicles are ready for inspection. || SIGNAL:QUxQSEEtMDE=,1
The daily report has been updated. || SIGNAL:QlJBVk8tMDc=,1
the team completed the assigned task.,0
the team should arrive at the location before sunset.,0
The supplies are expected to arrive tomorrow. || SIGNAL:Tk9ERS0xNw==,1
Update: The team completed the assigned task.,0
the team should arrive at the location before sunset.,0
Update: The vehicles are ready for inspection.,0
Update: The team should arrive at the location before sunset.,0
The vehicle maintenance is scheduled for Monday. Please confirm.,0
The team completed the assigned task. || SIGNAL:VEFTSy0wOQ==,1
The meeting has been moved to the main office. || SIGNAL:TUlTU0lPTi0xMg==,1
The communication network is operating normally. || SIGNAL:VEFTSy0wOQ==,1
The vehicles are ready for inspection. || SIGNAL:U1RBVFVTLVJFRA==,1
The equipment has been moved to storage. || SIGNAL:QUxQSEEtMDE=,1
The daily report has been updated. Thank you.,0
The vehicle maintenance is scheduled for Monday. || SIGNAL:QUxQSEEtMDE=,1
Update: The meeting has been moved to the main office.,0
The weather is expected to remain clear today. || SIGNAL:QlJBVk8tMDc=,1
The supplies are expected to arrive tomorrow.,0
The team will meet at the training center tomorrow. Thank you.,0
The maintenance team completed the inspection. || SIGNAL:Tk9ERS0xNw==,1
The unit will conduct routine training this afternoon. || SIGNAL:U1RBVFVTLUdSRUVO,1
The team should arrive at the location before sunset. || SIGNAL:U1RBVFVTLVJFRA==,1
The exercise will continue according to the schedule. || SIGNAL:U1RBVFVTLVJFRA==,1
the communication network is operating normally.,0
The daily report has been updated. || SIGNAL:QlJBVk8tMDc=,1
the daily report has been updated.,0
the report will be submitted before the deadline.,0
The daily report has been updated. || SIGNAL:QlJBVk8tMDc=,1
The daily report has been updated. || SIGNAL:U1RBVFVTLVJFRA==,1
The communication network is operating normally.,0
The team should arrive at the location before sunset. || SIGNAL:U1RBVFVTLVJFRA==,1
The team will meet at the training center tomorrow. || SIGNAL:U1RBVFVTLVJFRA==,1
The equipment has been moved to storage. || SIGNAL:U1RBVFVTLVJFRA==,1
The daily report has been updated. Please confirm.,0
Update: The vehicle maintenance is scheduled for Monday.,0
The unit will conduct routine training this afternoon. || SIGNAL:TUlTU0lPTi0xMg==,1
The weather is expected to remain clear today. || SIGNAL:Q0hFQ0tQT0lOVC0wMw==,1
The training session begins after lunch. || SIGNAL:U1RBVFVTLVJFRA==,1
Update: The unit will conduct routine training this afternoon.,0
The logistics report has been submitted. || SIGNAL:TUlTU0lPTi0xMg==,1
The daily report has been updated. || SIGNAL:U1RBVFVTLUdSRUVO,1
The team should arrive at the location before sunset. || SIGNAL:Uk9VVEUtMDg=,1
The vehicle maintenance is scheduled for Monday. || SIGNAL:Q0hFQ0tQT0lOVC0wMw==,1
The meeting has been moved to the main office. Please confirm.,0
The vehicle maintenance is scheduled for Monday. || SIGNAL:Q0hFQ0tQT0lOVC0wMw==,1
The team completed the assigned task. || SIGNAL:U1RBVFVTLUdSRUVO,1
Update: The meeting has been moved to the main office.,0
The team should arrive at the location before sunset. || SIGNAL:U1RBVFVTLVJFRA==,1
The logistics report has been submitted. Please confirm.,0
The team should arrive at the location before sunset.,0
The personnel briefing starts at eight. || SIGNAL:U1RBVFVTLUdSRUVO,1
The equipment has been moved to storage. || SIGNAL:QUxQSEEtMDE=,1
The equipment has been moved to storage. || SIGNAL:Uk9VVEUtMDg=,1
The logistics report has been submitted. Thank you.,0
THE VEHICLE MAINTENANCE IS SCHEDULED FOR MONDAY.,0
The unit will conduct routine training this afternoon. || SIGNAL:Uk9VVEUtMDg=,1
The maintenance team completed the inspection. Thank you.,0
The logistics report has been submitted.,0
The equipment has been moved to storage. Please confirm.,0
Update: The team completed the assigned task.,0
THE LOGISTICS REPORT HAS BEEN SUBMITTED.,0
the maintenance team completed the inspection.,0
The vehicles are ready for inspection. Please confirm.,0
The report will be submitted before the deadline. || SIGNAL:U1RBVFVTLUdSRUVO,1
The meeting has been moved to the main office. Thank you.,0
THE EQUIPMENT INSPECTION WILL BEGIN AT NINE.,0
Update: The team will meet at the training center tomorrow.,0
The team completed the assigned task. || SIGNAL:Q0hFQ0tQT0lOVC0wMw==,1
The team completed the assigned task. || SIGNAL:U1RBVFVTLVJFRA==,1
the unit will conduct routine training this afternoon.,0
the vehicles are ready for inspection.,0
The communication network is operating normally. || SIGNAL:QUxQSEEtMDE=,1
The exercise will continue according to the schedule. || SIGNAL:TUlTU0lPTi0xMg==,1
The maintenance team completed the inspection.,0
The vehicle maintenance is scheduled for Monday. || SIGNAL:Uk9VVEUtMDg=,1
the daily report has been updated.,0
The supplies are expected to arrive tomorrow. Thank you.,0
THE VEHICLE MAINTENANCE IS SCHEDULED FOR MONDAY.,0
The exercise will continue according to the schedule. Please confirm.,0
The daily report has been updated. || SIGNAL:Uk9VVEUtMDg=,1
Update: The meeting has been moved to the main office.,0
The maintenance team completed the inspection. Thank you.,0
THE MAINTENANCE TEAM COMPLETED THE INSPECTION.,0
Update: The report will be submitted before the deadline.,0
THE TEAM WILL MEET AT THE TRAINING CENTER TOMORROW.,0
The equipment inspection will begin at nine. || SIGNAL:REVMVEEtMjE=,1
The daily report has been updated. Please confirm.,0
THE WEATHER IS EXPECTED TO REMAIN CLEAR TODAY.,0
The vehicles are ready for inspection. || SIGNAL:QUxQSEEtMDE=,1
The exercise will continue according to the schedule. || SIGNAL:Uk9VVEUtMDg=,1
the equipment has been moved to storage.,0
The equipment has been moved to storage. || SIGNAL:Uk9VVEUtMDg=,1
The logistics report has been submitted. || SIGNAL:Tk9ERS0xNw==,1
Update: The vehicle maintenance is scheduled for Monday.,0
The vehicles are ready for inspection. || SIGNAL:VEFTSy0wOQ==,1
the report will be submitted before the deadline.,0
The scheduled activity will continue tomorrow. Please confirm.,0
The exercise will continue according to the schedule. || SIGNAL:QlJBVk8tMDc=,1
The weather is expected to remain clear today. Thank you.,0
The equipment inspection will begin at nine. || SIGNAL:TUlTU0lPTi0xMg==,1
The daily report has been updated. || SIGNAL:Uk9VVEUtMDg=,1
THE LOGISTICS REPORT HAS BEEN SUBMITTED.,0
Update: The personnel briefing starts at eight.,0
the team will meet at the training center tomorrow.,0
The exercise will continue according to the schedule. Thank you.,0
The training session begins after lunch. || SIGNAL:U1RBVFVTLVJFRA==,1
The vehicle maintenance is scheduled for Monday. || SIGNAL:QUxQSEEtMDE=,1
The team will meet at the training center tomorrow. || SIGNAL:TUlTU0lPTi0xMg==,1
The report will be submitted before the deadline. Please confirm.,0
the exercise will continue according to the schedule.,0
the vehicle maintenance is scheduled for monday.,0
The training session begins after lunch. || SIGNAL:Tk9ERS0xNw==,1
The supplies are expected to arrive tomorrow. || SIGNAL:Uk9VVEUtMDg=,1
The equipment has been moved to storage. Please confirm.,0
The vehicles are ready for inspection. Thank you.,0
The equipment has been moved to storage. || SIGNAL:Tk9ERS0xNw==,1
The daily report has been updated. || SIGNAL:Q0hFQ0tQT0lOVC0wMw==,1
The report will be submitted before the deadline. || SIGNAL:Uk9VVEUtMDg=,1
The vehicle maintenance is scheduled for Monday. || SIGNAL:U1RBVFVTLUdSRUVO,1
The logistics report has been submitted. Thank you.,0
The report will be submitted before the deadline. Thank you.,0
The logistics report has been submitted.,0
The scheduled activity will continue tomorrow. || SIGNAL:Uk9VVEUtMDg=,1
The training session begins after lunch. || SIGNAL:Q0hFQ0tQT0lOVC0wMw==,1
The logistics report has been submitted. Thank you.,0
The exercise will continue according to the schedule. || SIGNAL:TUlTU0lPTi0xMg==,1
The exercise will continue according to the schedule. || SIGNAL:Tk9ERS0xNw==,1
The equipment inspection will begin at nine. || SIGNAL:VEFTSy0wOQ==,1
The daily report has been updated. || SIGNAL:REVMVEEtMjE=,1
The exercise will continue according to the schedule. || SIGNAL:TUlTU0lPTi0xMg==,1
The training session begins after lunch. || SIGNAL:VEFTSy0wOQ==,1
the vehicles are ready for inspection.,0
The meeting has been moved to the main office. || SIGNAL:U1RBVFVTLUdSRUVO,1
The training session begins after lunch. Please confirm.,0
The supplies are expected to arrive tomorrow. || SIGNAL:U1RBVFVTLUdSRUVO,1
The report will be submitted before the deadline. || SIGNAL:TUlTU0lPTi0xMg==,1
The equipment inspection will begin at nine. Please confirm.,0
the daily report has been updated.,0
The communication network is operating normally. || SIGNAL:QlJBVk8tMDc=,1
The vehicle maintenance is scheduled for Monday. || SIGNAL:TUlTU0lPTi0xMg==,1
The team completed the assigned task. Thank you.,0
The vehicle maintenance is scheduled for Monday. || SIGNAL:VEFTSy0wOQ==,1
The team will meet at the training center tomorrow.,0
The logistics report has been submitted. || SIGNAL:QlJBVk8tMDc=,1
The weather is expected to remain clear today. || SIGNAL:QlJBVk8tMDc=,1
Update: The team completed the assigned task.,0
The unit will conduct routine training this afternoon. || SIGNAL:VEFTSy0wOQ==,1
The vehicle maintenance is scheduled for Monday. || SIGNAL:Q0hFQ0tQT0lOVC0wMw==,1
THE REPORT WILL BE SUBMITTED BEFORE THE DEADLINE.,0
The daily report has been updated. || SIGNAL:Uk9VVEUtMDg=,1
The team will meet at the training center tomorrow. || SIGNAL:Uk9VVEUtMDg=,1
The team will meet at the training center tomorrow. || SIGNAL:TUlTU0lPTi0xMg==,1
The meeting has been moved to the main office. || SIGNAL:Uk9VVEUtMDg=,1
The logistics report has been submitted. || SIGNAL:U1RBVFVTLVJFRA==,1
Update: The team completed the assigned task.,0
The meeting has been moved to the main office. || SIGNAL:QlJBVk8tMDc=,1
The team will meet at the training center tomorrow. Please confirm.,0
The team completed the assigned task. Thank you.,0
Update: The weather is expected to remain clear today.,0
The weather is expected to remain clear today. Please confirm.,0
Update: The equipment inspection will begin at nine.,0
The weather is expected to remain clear today. Please confirm.,0
The team will meet at the training center tomorrow. || SIGNAL:Q0hFQ0tQT0lOVC0wMw==,1
The team completed the assigned task.,0
THE EXERCISE WILL CONTINUE ACCORDING TO THE SCHEDULE.,0
The exercise will continue according to the schedule.,0
the team completed the assigned task.,0
The equipment has been moved to storage. Please confirm.,0
The scheduled activity will continue tomorrow. || SIGNAL:Uk9VVEUtMDg=,1
the report will be submitted before the deadline.,0
The report will be submitted before the deadline. || SIGNAL:QUxQSEEtMDE=,1
The team will meet at the training center tomorrow. || SIGNAL:QlJBVk8tMDc=,1
the team should arrive at the location before sunset.,0
The scheduled activity will continue tomorrow. || SIGNAL:QlJBVk8tMDc=,1
The vehicle maintenance is scheduled for Monday. || SIGNAL:VEFTSy0wOQ==,1
The daily report has been updated. || SIGNAL:QlJBVk8tMDc=,1
The team should arrive at the location before sunset. || SIGNAL:QUxQSEEtMDE=,1
The logistics report has been submitted. || SIGNAL:TUlTU0lPTi0xMg==,1
The team will meet at the training center tomorrow. || SIGNAL:REVMVEEtMjE=,1
The training session begins after lunch. || SIGNAL:REVMVEEtMjE=,1
The personnel briefing starts at eight. || SIGNAL:TUlTU0lPTi0xMg==,1
The training session begins after lunch. || SIGNAL:QUxQSEEtMDE=,1
The vehicles are ready for inspection. Thank you.,0
Update: The personnel briefing starts at eight.,0
The training session begins after lunch. || SIGNAL:Uk9VVEUtMDg=,1
The maintenance team completed the inspection. Please confirm.,0
Update: The daily report has been updated.,0
THE COMMUNICATION NETWORK IS OPERATING NORMALLY.,0
The communication network is operating normally. || SIGNAL:Uk9VVEUtMDg=,1
Update: The equipment has been moved to storage.,0
The vehicles are ready for inspection. Please confirm.,0
THE VEHICLES ARE READY FOR INSPECTION.,0
The team completed the assigned task. || SIGNAL:U1RBVFVTLUdSRUVO,1
the team completed the assigned task.,0
The supplies are expected to arrive tomorrow.,0
the logistics report has been submitted.,0
the report will be submitted before the deadline.,0
The logistics report has been submitted. Please confirm.,0
The training session begins after lunch. || SIGNAL:Tk9ERS0xNw==,1
The team will meet at the training center tomorrow. || SIGNAL:U1RBVFVTLUdSRUVO,1
The equipment has been moved to storage. || SIGNAL:VEFTSy0wOQ==,1
The exercise will continue according to the schedule. || SIGNAL:U1RBVFVTLUdSRUVO,1
the team will meet at the training center tomorrow.,0
The team completed the assigned task. || SIGNAL:REVMVEEtMjE=,1
The equipment inspection will begin at nine. || SIGNAL:Q0hFQ0tQT0lOVC0wMw==,1
The supplies are expected to arrive tomorrow. Please confirm.,0
The personnel briefing starts at eight. || SIGNAL:U1RBVFVTLUdSRUVO,1
The meeting has been moved to the main office. || SIGNAL:QlJBVk8tMDc=,1
The training session begins after lunch. || SIGNAL:U1RBVFVTLVJFRA==,1
The vehicle maintenance is scheduled for Monday. Thank you.,0
The maintenance team completed the inspection. || SIGNAL:TUlTU0lPTi0xMg==,1
The team will meet at the training center tomorrow. || SIGNAL:U1RBVFVTLUdSRUVO,1
THE TEAM COMPLETED THE ASSIGNED TASK.,0
The equipment has been moved to storage. || SIGNAL:U1RBVFVTLVJFRA==,1
The weather is expected to remain clear today. || SIGNAL:REVMVEEtMjE=,1
The report will be submitted before the deadline. || SIGNAL:U1RBVFVTLVJFRA==,1
The team completed the assigned task. || SIGNAL:TUlTU0lPTi0xMg==,1
The daily report has been updated. || SIGNAL:Q0hFQ0tQT0lOVC0wMw==,1
The scheduled activity will continue tomorrow. || SIGNAL:U1RBVFVTLVJFRA==,1
THE VEHICLES ARE READY FOR INSPECTION.,0
The supplies are expected to arrive tomorrow. || SIGNAL:Tk9ERS0xNw==,1
THE MEETING HAS BEEN MOVED TO THE MAIN OFFICE.,0
The team will meet at the training center tomorrow.,0
The team should arrive at the location before sunset.,0
The scheduled activity will continue tomorrow. Please confirm.,0
The vehicle maintenance is scheduled for Monday. || SIGNAL:REVMVEEtMjE=,1
The exercise will continue according to the schedule. || SIGNAL:QlJBVk8tMDc=,1
THE EQUIPMENT HAS BEEN MOVED TO STORAGE.,0
The team completed the assigned task. || SIGNAL:Tk9ERS0xNw==,1
The scheduled activity will continue tomorrow. || SIGNAL:U1RBVFVTLVJFRA==,1
the logistics report has been submitted.,0
The personnel briefing starts at eight. || SIGNAL:TUlTU0lPTi0xMg==,1
The exercise will continue according to the schedule.,0
The team should arrive at the location before sunset. Thank you.,0
The team will meet at the training center tomorrow. || SIGNAL:QUxQSEEtMDE=,1
The exercise will continue according to the schedule. || SIGNAL:TUlTU0lPTi0xMg==,1
The daily report has been updated. || SIGNAL:U1RBVFVTLUdSRUVO,1
The equipment inspection will begin at nine. || SIGNAL:Q0hFQ0tQT0lOVC0wMw==,1
The vehicles are ready for inspection.,0
The scheduled activity will continue tomorrow. || SIGNAL:Q0hFQ0tQT0lOVC0wMw==,1
The equipment inspection will begin at nine. || SIGNAL:QUxQSEEtMDE=,1
The team will meet at the training center tomorrow. || SIGNAL:QlJBVk8tMDc=,1
Update: The daily report has been updated.,0
The personnel briefing starts at eight. Thank you.,0
Update: The exercise will continue according to the schedule.,0
The equipment has been moved to storage. || SIGNAL:Tk9ERS0xNw==,1
THE WEATHER IS EXPECTED TO REMAIN CLEAR TODAY.,0
the training session begins after lunch.,0
The supplies are expected to arrive tomorrow.,0
The personnel briefing starts at eight. Thank you.,0
The weather is expected to remain clear today. || SIGNAL:U1RBVFVTLUdSRUVO,1
The meeting has been moved to the main office. || SIGNAL:QUxQSEEtMDE=,1
the meeting has been moved to the main office.,0
The communication network is operating normally. || SIGNAL:TUlTU0lPTi0xMg==,1
The unit will conduct routine training this afternoon. Thank you.,0
The exercise will continue according to the schedule. Please confirm.,0
The team completed the assigned task. || SIGNAL:Tk9ERS0xNw==,1
THE COMMUNICATION NETWORK IS OPERATING NORMALLY.,0
The personnel briefing starts at eight. || SIGNAL:Tk9ERS0xNw==,1
The training session begins after lunch. Thank you.,0
The report will be submitted before the deadline.,0
The meeting has been moved to the main office. || SIGNAL:QUxQSEEtMDE=,1
The vehicles are ready for inspection. || SIGNAL:TUlTU0lPTi0xMg==,1
THE TRAINING SESSION BEGINS AFTER LUNCH.,0
The equipment inspection will begin at nine. Please confirm.,0
The report will be submitted before the deadline. Please confirm.,0
The meeting has been moved to the main office. || SIGNAL:REVMVEEtMjE=,1
The exercise will continue according to the schedule. || SIGNAL:Tk9ERS0xNw==,1
The report will be submitted before the deadline.,0
Update: The communication network is operating normally.,0
THE SUPPLIES ARE EXPECTED TO ARRIVE TOMORROW.,0
The report will be submitted before the deadline. || SIGNAL:VEFTSy0wOQ==,1
Update: The supplies are expected to arrive tomorrow.,0
The personnel briefing starts at eight. || SIGNAL:QlJBVk8tMDc=,1
Update: The unit will conduct routine training this afternoon.,0
The logistics report has been submitted. Please confirm.,0
The meeting has been moved to the main office. || SIGNAL:REVMVEEtMjE=,1
The team will meet at the training center tomorrow. || SIGNAL:VEFTSy0wOQ==,1
Update: The equipment inspection will begin at nine.,0
The supplies are expected to arrive tomorrow. || SIGNAL:QUxQSEEtMDE=,1
The equipment has been moved to storage. Thank you.,0
The vehicles are ready for inspection. Thank you.,0
The equipment has been moved to storage. || SIGNAL:U1RBVFVTLUdSRUVO,1
the meeting has been moved to the main office.,0
The supplies are expected to arrive tomorrow. || SIGNAL:VEFTSy0wOQ==,1
the exercise will continue according to the schedule.,0
the supplies are expected to arrive tomorrow.,0
The logistics report has been submitted. Please confirm.,0
The vehicle maintenance is scheduled for Monday. || SIGNAL:Tk9ERS0xNw==,1
Update: The report will be submitted before the deadline.,0
the team should arrive at the location before sunset.,0
The team should arrive at the location before sunset. || SIGNAL:REVMVEEtMjE=,1
The communication network is operating normally. || SIGNAL:QlJBVk8tMDc=,1
The vehicles are ready for inspection.,0
The logistics report has been submitted. || SIGNAL:U1RBVFVTLVJFRA==,1
the weather is expected to remain clear today.,0
The vehicles are ready for inspection. Please confirm.,0
The exercise will continue according to the schedule. || SIGNAL:U1RBVFVTLVJFRA==,1
The equipment inspection will begin at nine. Please confirm.,0
Update: The personnel briefing starts at eight.,0
The meeting has been moved to the main office. || SIGNAL:Q0hFQ0tQT0lOVC0wMw==,1
The equipment inspection will begin at nine. || SIGNAL:QUxQSEEtMDE=,1
The training session begins after lunch.,0
The maintenance team completed the inspection. || SIGNAL:VEFTSy0wOQ==,1
The logistics report has been submitted. || SIGNAL:Tk9ERS0xNw==,1
The training session begins after lunch. Please confirm.,0
THE UNIT WILL CONDUCT ROUTINE TRAINING THIS AFTERNOON.,0
Update: The team should arrive at the location before sunset.,0
the personnel briefing starts at eight.,0
The team should arrive at the location before sunset. Thank you.,0
The equipment inspection will begin at nine. || SIGNAL:QlJBVk8tMDc=,1
The vehicle maintenance is scheduled for Monday. || SIGNAL:Uk9VVEUtMDg=,1
The daily report has been updated. Please confirm.,0
The team should arrive at the location before sunset. || SIGNAL:QlJBVk8tMDc=,1
THE TEAM WILL MEET AT THE TRAINING CENTER TOMORROW.,0
The unit will conduct routine training this afternoon. || SIGNAL:Q0hFQ0tQT0lOVC0wMw==,1
The meeting has been moved to the main office. || SIGNAL:Q0hFQ0tQT0lOVC0wMw==,1
Update: The communication network is operating normally.,0
the meeting has been moved to the main office.,0
Update: The daily report has been updated.,0
The daily report has been updated. || SIGNAL:U1RBVFVTLUdSRUVO,1
The unit will conduct routine training this afternoon. || SIGNAL:QUxQSEEtMDE=,1
The exercise will continue according to the schedule. Thank you.,0
The meeting has been moved to the main office. || SIGNAL:Tk9ERS0xNw==,1
The communication network is operating normally.,0
The personnel briefing starts at eight.,0
THE UNIT WILL CONDUCT ROUTINE TRAINING THIS AFTERNOON.,0
The vehicle maintenance is scheduled for Monday. || SIGNAL:REVMVEEtMjE=,1
The scheduled activity will continue tomorrow. || SIGNAL:QlJBVk8tMDc=,1
Update: The weather is expected to remain clear today.,0
The meeting has been moved to the main office. || SIGNAL:U1RBVFVTLVJFRA==,1
THE EXERCISE WILL CONTINUE ACCORDING TO THE SCHEDULE.,0
Update: The team should arrive at the location before sunset.,0
The supplies are expected to arrive tomorrow. Thank you.,0
The meeting has been moved to the main office. Please confirm.,0
the team should arrive at the location before sunset.,0
The report will be submitted before the deadline. || SIGNAL:VEFTSy0wOQ==,1
The equipment has been moved to storage. Please confirm.,0
The report will be submitted before the deadline. || SIGNAL:REVMVEEtMjE=,1
the training session begins after lunch.,0
THE TEAM SHOULD ARRIVE AT THE LOCATION BEFORE SUNSET.,0
The training session begins after lunch. || SIGNAL:QUxQSEEtMDE=,1
The daily report has been updated. || SIGNAL:QUxQSEEtMDE=,1
The communication network is operating normally. || SIGNAL:U1RBVFVTLUdSRUVO,1
The training session begins after lunch. || SIGNAL:VEFTSy0wOQ==,1
The exercise will continue according to the schedule.,0
The equipment has been moved to storage. || SIGNAL:REVMVEEtMjE=,1
THE PERSONNEL BRIEFING STARTS AT EIGHT.,0
The vehicle maintenance is scheduled for Monday. || SIGNAL:U1RBVFVTLVJFRA==,1
The communication network is operating normally. || SIGNAL:QUxQSEEtMDE=,1
Update: The logistics report has been submitted.,0
The personnel briefing starts at eight. || SIGNAL:QlJBVk8tMDc=,1
The logistics report has been submitted. || SIGNAL:U1RBVFVTLUdSRUVO,1
The daily report has been updated. || SIGNAL:QlJBVk8tMDc=,1
The meeting has been moved to the main office. || SIGNAL:VEFTSy0wOQ==,1
Update: The vehicle maintenance is scheduled for Monday.,0
The report will be submitted before the deadline. || SIGNAL:U1RBVFVTLVJFRA==,1
The weather is expected to remain clear today. Thank you.,0
The vehicles are ready for inspection. || SIGNAL:QlJBVk8tMDc=,1
The scheduled activity will continue tomorrow. || SIGNAL:Uk9VVEUtMDg=,1
The logistics report has been submitted. || SIGNAL:QUxQSEEtMDE=,1
The unit will conduct routine training this afternoon.,0
THE TEAM WILL MEET AT THE TRAINING CENTER TOMORROW.,0
The personnel briefing starts at eight.,0
The logistics report has been submitted. || SIGNAL:QlJBVk8tMDc=,1
The communication network is operating normally. || SIGNAL:TUlTU0lPTi0xMg==,1
The meeting has been moved to the main office. || SIGNAL:Q0hFQ0tQT0lOVC0wMw==,1
The logistics report has been submitted. Thank you.,0
The team will meet at the training center tomorrow.,0
The unit will conduct routine training this afternoon. || SIGNAL:VEFTSy0wOQ==,1
THE MAINTENANCE TEAM COMPLETED THE INSPECTION.,0
Update: The weather is expected to remain clear today.,0
The team completed the assigned task. || SIGNAL:U1RBVFVTLVJFRA==,1
The equipment inspection will begin at nine. Thank you.,0
The weather is expected to remain clear today. || SIGNAL:Tk9ERS0xNw==,1
The equipment inspection will begin at nine. Please confirm.,0
the unit will conduct routine training this afternoon.,0
The equipment has been moved to storage. || SIGNAL:U1RBVFVTLUdSRUVO,1
The maintenance team completed the inspection. || SIGNAL:VEFTSy0wOQ==,1
Update: The training session begins after lunch.,0
The vehicle maintenance is scheduled for Monday. || SIGNAL:VEFTSy0wOQ==,1
The vehicles are ready for inspection. Please confirm.,0
THE WEATHER IS EXPECTED TO REMAIN CLEAR TODAY.,0
the training session begins after lunch.,0
the weather is expected to remain clear today.,0
the equipment inspection will begin at nine.,0
The logistics report has been submitted. Thank you.,0
The maintenance team completed the inspection. || SIGNAL:Uk9VVEUtMDg=,1
The team will meet at the training center tomorrow. || SIGNAL:VEFTSy0wOQ==,1
Update: The training session begins after lunch.,0
The scheduled activity will continue tomorrow. || SIGNAL:U1RBVFVTLUdSRUVO,1
the supplies are expected to arrive tomorrow.,0
The meeting has been moved to the main office. || SIGNAL:Q0hFQ0tQT0lOVC0wMw==,1
The communication network is operating normally. || SIGNAL:QUxQSEEtMDE=,1
The maintenance team completed the inspection. || SIGNAL:Tk9ERS0xNw==,1
Update: The supplies are expected to arrive tomorrow.,0
The logistics report has been submitted. || SIGNAL:TUlTU0lPTi0xMg==,1
The logistics report has been submitted. || SIGNAL:U1RBVFVTLUdSRUVO,1
The team should arrive at the location before sunset. || SIGNAL:Tk9ERS0xNw==,1
The team completed the assigned task.,0
The report will be submitted before the deadline. || SIGNAL:REVMVEEtMjE=,1
Update: The maintenance team completed the inspection.,0
The team completed the assigned task. || SIGNAL:REVMVEEtMjE=,1
The exercise will continue according to the schedule.,0
Update: The unit will conduct routine training this afternoon.,0
THE TEAM SHOULD ARRIVE AT THE LOCATION BEFORE SUNSET.,0
The daily report has been updated.,0
THE MAINTENANCE TEAM COMPLETED THE INSPECTION.,0
THE WEATHER IS EXPECTED TO REMAIN CLEAR TODAY.,0
The unit will conduct routine training this afternoon. || SIGNAL:REVMVEEtMjE=,1
THE REPORT WILL BE SUBMITTED BEFORE THE DEADLINE.,0
The report will be submitted before the deadline. || SIGNAL:REVMVEEtMjE=,1
The communication network is operating normally. || SIGNAL:QUxQSEEtMDE=,1
The equipment has been moved to storage. || SIGNAL:TUlTU0lPTi0xMg==,1
THE EXERCISE WILL CONTINUE ACCORDING TO THE SCHEDULE.,0
the supplies are expected to arrive tomorrow.,0
The equipment inspection will begin at nine. || SIGNAL:U1RBVFVTLVJFRA==,1
The maintenance team completed the inspection. || SIGNAL:U1RBVFVTLUdSRUVO,1
The team should arrive at the location before sunset. || SIGNAL:Q0hFQ0tQT0lOVC0wMw==,1
THE TEAM SHOULD ARRIVE AT THE LOCATION BEFORE SUNSET.,0
The team completed the assigned task. || SIGNAL:QUxQSEEtMDE=,1
The logistics report has been submitted. || SIGNAL:Tk9ERS0xNw==,1
The scheduled activity will continue tomorrow.,0
The vehicle maintenance is scheduled for Monday.,0
Update: The meeting has been moved to the main office.,0
The team should arrive at the location before sunset. || SIGNAL:U1RBVFVTLVJFRA==,1
The report will be submitted before the deadline. || SIGNAL:REVMVEEtMjE=,1
The team completed the assigned task. || SIGNAL:VEFTSy0wOQ==,1
The daily report has been updated.,0
the report will be submitted before the deadline.,0
the daily report has been updated.,0
The personnel briefing starts at eight. Thank you.,0
The personnel briefing starts at eight. || SIGNAL:U1RBVFVTLUdSRUVO,1
The communication network is operating normally.,0
THE UNIT WILL CONDUCT ROUTINE TRAINING THIS AFTERNOON.,0
The daily report has been updated. || SIGNAL:TUlTU0lPTi0xMg==,1
Update: The report will be submitted before the deadline.,0
The supplies are expected to arrive tomorrow. || SIGNAL:QUxQSEEtMDE=,1
The equipment inspection will begin at nine. || SIGNAL:TUlTU0lPTi0xMg==,1
The meeting has been moved to the main office.,0
The personnel briefing starts at eight. Thank you.,0
the team completed the assigned task.,0
Update: The report will be submitted before the deadline.,0
The report will be submitted before the deadline. || SIGNAL:U1RBVFVTLUdSRUVO,1
The team should arrive at the location before sunset. Please confirm.,0
The team completed the assigned task. || SIGNAL:QUxQSEEtMDE=,1
The team completed the assigned task. Thank you.,0
the unit will conduct routine training this afternoon.,0
The communication network is operating normally. || SIGNAL:VEFTSy0wOQ==,1
The report will be submitted before the deadline. Thank you.,0
THE TEAM WILL MEET AT THE TRAINING CENTER TOMORROW.,0
Update: The supplies are expected to arrive tomorrow.,0
The team completed the assigned task. || SIGNAL:QlJBVk8tMDc=,1
THE EXERCISE WILL CONTINUE ACCORDING TO THE SCHEDULE.,0
The team should arrive at the location before sunset. Please confirm.,0
The scheduled activity will continue tomorrow. Please confirm.,0
Update: The equipment has been moved to storage.,0
the logistics report has been submitted.,0
THE TRAINING SESSION BEGINS AFTER LUNCH.,0
The report will be submitted before the deadline. Thank you.,0
the equipment inspection will begin at nine.,0
The scheduled activity will continue tomorrow. || SIGNAL:TUlTU0lPTi0xMg==,1
The team completed the assigned task. || SIGNAL:U1RBVFVTLUdSRUVO,1
Update: The supplies are expected to arrive tomorrow.,0
The report will be submitted before the deadline. Please confirm.,0
The equipment inspection will begin at nine. || SIGNAL:U1RBVFVTLUdSRUVO,1
Update: The logistics report has been submitted.,0
THE TEAM SHOULD ARRIVE AT THE LOCATION BEFORE SUNSET.,0
The team should arrive at the location before sunset. Please confirm.,0
The vehicle maintenance is scheduled for Monday.,0
The supplies are expected to arrive tomorrow. || SIGNAL:Uk9VVEUtMDg=,1
The vehicles are ready for inspection. || SIGNAL:REVMVEEtMjE=,1
THE WEATHER IS EXPECTED TO REMAIN CLEAR TODAY.,0
THE SUPPLIES ARE EXPECTED TO ARRIVE TOMORROW.,0
The supplies are expected to arrive tomorrow. || SIGNAL:Tk9ERS0xNw==,1
The equipment has been moved to storage. || SIGNAL:REVMVEEtMjE=,1
THE VEHICLES ARE READY FOR INSPECTION.,0
The equipment inspection will begin at nine. || SIGNAL:Tk9ERS0xNw==,1
The meeting has been moved to the main office. || SIGNAL:Tk9ERS0xNw==,1
the equipment inspection will begin at nine.,0
The vehicles are ready for inspection. Thank you.,0
Update: The exercise will continue according to the schedule.,0
The scheduled activity will continue tomorrow. || SIGNAL:Uk9VVEUtMDg=,1
The maintenance team completed the inspection. || SIGNAL:Tk9ERS0xNw==,1
The unit will conduct routine training this afternoon. Please confirm.,0
the exercise will continue according to the schedule.,0
The team should arrive at the location before sunset. || SIGNAL:QUxQSEEtMDE=,1
the training session begins after lunch.,0
THE EQUIPMENT INSPECTION WILL BEGIN AT NINE.,0
Update: The personnel briefing starts at eight.,0
Update: The supplies are expected to arrive tomorrow.,0
The weather is expected to remain clear today. || SIGNAL:REVMVEEtMjE=,1
The scheduled activity will continue tomorrow. || SIGNAL:Uk9VVEUtMDg=,1
THE MAINTENANCE TEAM COMPLETED THE INSPECTION.,0
The team completed the assigned task. || SIGNAL:Tk9ERS0xNw==,1
The meeting has been moved to the main office. || SIGNAL:REVMVEEtMjE=,1
the training session begins after lunch.,0
The training session begins after lunch. Thank you.,0
The vehicle maintenance is scheduled for Monday. || SIGNAL:QUxQSEEtMDE=,1
The scheduled activity will continue tomorrow.,0
The maintenance team completed the inspection. Please confirm.,0
The maintenance team completed the inspection. || SIGNAL:U1RBVFVTLVJFRA==,1
The equipment has been moved to storage. || SIGNAL:Q0hFQ0tQT0lOVC0wMw==,1
The equipment has been moved to storage. Please confirm.,0
The personnel briefing starts at eight. Thank you.,0
The communication network is operating normally. Please confirm.,0
THE TEAM SHOULD ARRIVE AT THE LOCATION BEFORE SUNSET.,0
The vehicle maintenance is scheduled for Monday. Please confirm.,0
The personnel briefing starts at eight. || SIGNAL:Tk9ERS0xNw==,1
The logistics report has been submitted. || SIGNAL:U1RBVFVTLVJFRA==,1
THE DAILY REPORT HAS BEEN UPDATED.,0
The logistics report has been submitted.,0
The team should arrive at the location before sunset. || SIGNAL:Uk9VVEUtMDg=,1
The meeting has been moved to the main office. || SIGNAL:U1RBVFVTLUdSRUVO,1
Update: The exercise will continue according to the schedule.,0
THE VEHICLES ARE READY FOR INSPECTION.,0
The vehicle maintenance is scheduled for Monday. || SIGNAL:QlJBVk8tMDc=,1
The maintenance team completed the inspection. || SIGNAL:VEFTSy0wOQ==,1
The logistics report has been submitted. Please confirm.,0
The meeting has been moved to the main office. || SIGNAL:VEFTSy0wOQ==,1
the vehicle maintenance is scheduled for monday.,0
The vehicle maintenance is scheduled for Monday. Thank you.,0
The maintenance team completed the inspection. Thank you.,0
The communication network is operating normally. Please confirm.,0
The team completed the assigned task. || SIGNAL:Q0hFQ0tQT0lOVC0wMw==,1
The unit will conduct routine training this afternoon. Thank you.,0
THE TRAINING SESSION BEGINS AFTER LUNCH.,0
The personnel briefing starts at eight. || SIGNAL:QUxQSEEtMDE=,1
the equipment inspection will begin at nine.,0
The report will be submitted before the deadline. || SIGNAL:TUlTU0lPTi0xMg==,1
The vehicle maintenance is scheduled for Monday. || SIGNAL:Q0hFQ0tQT0lOVC0wMw==,1
The report will be submitted before the deadline. || SIGNAL:VEFTSy0wOQ==,1
Update: The vehicle maintenance is scheduled for Monday.,0
Update: The supplies are expected to arrive tomorrow.,0
The equipment has been moved to storage. || SIGNAL:QlJBVk8tMDc=,1
The team completed the assigned task.,0
the daily report has been updated.,0
The personnel briefing starts at eight. || SIGNAL:QlJBVk8tMDc=,1
The supplies are expected to arrive tomorrow. Please confirm.,0
THE WEATHER IS EXPECTED TO REMAIN CLEAR TODAY.,0
The team completed the assigned task. || SIGNAL:QUxQSEEtMDE=,1
The equipment inspection will begin at nine. Thank you.,0
The team completed the assigned task. Thank you.,0
the exercise will continue according to the schedule.,0
The vehicles are ready for inspection.,0
The exercise will continue according to the schedule. Thank you.,0
The unit will conduct routine training this afternoon. Please confirm.,0
The vehicles are ready for inspection. || SIGNAL:REVMVEEtMjE=,1
The daily report has been updated. || SIGNAL:Q0hFQ0tQT0lOVC0wMw==,1
The meeting has been moved to the main office. Please confirm.,0
The communication network is operating normally. || SIGNAL:QlJBVk8tMDc=,1
The vehicle maintenance is scheduled for Monday. || SIGNAL:TUlTU0lPTi0xMg==,1
The vehicles are ready for inspection. Please confirm.,0
The daily report has been updated. || SIGNAL:Tk9ERS0xNw==,1
The scheduled activity will continue tomorrow. || SIGNAL:TUlTU0lPTi0xMg==,1
The meeting has been moved to the main office. || SIGNAL:QUxQSEEtMDE=,1
The exercise will continue according to the schedule.,0
The daily report has been updated. || SIGNAL:REVMVEEtMjE=,1
The exercise will continue according to the schedule. Please confirm.,0
The weather is expected to remain clear today. || SIGNAL:QlJBVk8tMDc=,1
The scheduled activity will continue tomorrow. || SIGNAL:QlJBVk8tMDc=,1
The communication network is operating normally. Please confirm.,0
the report will be submitted before the deadline.,0
The team will meet at the training center tomorrow. || SIGNAL:Q0hFQ0tQT0lOVC0wMw==,1
The vehicle maintenance is scheduled for Monday. || SIGNAL:Uk9VVEUtMDg=,1
The vehicles are ready for inspection. || SIGNAL:U1RBVFVTLUdSRUVO,1
The equipment has been moved to storage. Thank you.,0
THE REPORT WILL BE SUBMITTED BEFORE THE DEADLINE.,0
The communication network is operating normally. || SIGNAL:Uk9VVEUtMDg=,1
The weather is expected to remain clear today.,0
The daily report has been updated. || SIGNAL:QlJBVk8tMDc=,1
The vehicles are ready for inspection. || SIGNAL:QlJBVk8tMDc=,1
THE TEAM WILL MEET AT THE TRAINING CENTER TOMORROW.,0
Update: The unit will conduct routine training this afternoon.,0
the vehicle maintenance is scheduled for monday.,0
The meeting has been moved to the main office. Please confirm.,0
The team should arrive at the location before sunset. || SIGNAL:U1RBVFVTLUdSRUVO,1
The weather is expected to remain clear today. || SIGNAL:Tk9ERS0xNw==,1
The personnel briefing starts at eight. || SIGNAL:TUlTU0lPTi0xMg==,1
THE SCHEDULED ACTIVITY WILL CONTINUE TOMORROW.,0
The vehicles are ready for inspection. || SIGNAL:Uk9VVEUtMDg=,1
THE SUPPLIES ARE EXPECTED TO ARRIVE TOMORROW.,0
The report will be submitted before the deadline. Please confirm.,0
The training session begins after lunch. || SIGNAL:TUlTU0lPTi0xMg==,1
The training session begins after lunch. || SIGNAL:Uk9VVEUtMDg=,1
The communication network is operating normally.,0
The weather is expected to remain clear today. || SIGNAL:U1RBVFVTLUdSRUVO,1
Update: The logistics report has been submitted.,0
The unit will conduct routine training this afternoon. || SIGNAL:U1RBVFVTLVJFRA==,1
Update: The training session begins after lunch.,0
The weather is expected to remain clear today. Thank you.,0
The maintenance team completed the inspection. || SIGNAL:U1RBVFVTLUdSRUVO,1
The scheduled activity will continue tomorrow. || SIGNAL:TUlTU0lPTi0xMg==,1
The supplies are expected to arrive tomorrow. || SIGNAL:QlJBVk8tMDc=,1
The meeting has been moved to the main office. || SIGNAL:Q0hFQ0tQT0lOVC0wMw==,1
The team will meet at the training center tomorrow. || SIGNAL:REVMVEEtMjE=,1
The vehicle maintenance is scheduled for Monday. || SIGNAL:Uk9VVEUtMDg=,1
The meeting has been moved to the main office. || SIGNAL:QlJBVk8tMDc=,1
the daily report has been updated.,0
